"country"	"code"
"AD"	"AD-02"
"AD"	"AD-03"
"AD"	"AD-04"
"AD"	"AD-05"
"AD"	"AD-06"
"AD"	"AD-07"
"AD"	"AD-08"
"AE"	"AE-AJ"
"AE"	"AE-AZ"
"AE"	"AE-DU"
"AE"	"AE-FU"
"AE"	"AE-RK"
"AE"	"AE-SH"
"AE"	"AE-UQ"
"AF"	"AF-BAL"
"AF"	"AF-BAM"
"AF"	"AF-BDG"
"AF"	"AF-BDS"
"AF"	"AF-BGL"
"AF"	"AF-DAY"
"AF"	"AF-FRA"
"AF"	"AF-FYB"
"AF"	"AF-GHA"
"AF"	"AF-GHO"
"AF"	"AF-HEL"
"AF"	"AF-HER"
"AF"	"AF-JOW"
"AF"	"AF-KAB"
"AF"	"AF-KAN"
"AF"	"AF-KAP"
"AF"	"AF-KDZ"
"AF"	"AF-KHO"
"AF"	"AF-KNR"
"AF"	"AF-LAG"
"AF"	"AF-LOG"
"AF"	"AF-NAN"
"AF"	"AF-NIM"
"AF"	"AF-NUR"
"AF"	"AF-PAN"
"AF"	"AF-PAR"
"AF"	"AF-PIA"
"AF"	"AF-PKA"
"AF"	"AF-SAM"
"AF"	"AF-SAR"
"AF"	"AF-TAK"
"AF"	"AF-URU"
"AF"	"AF-WAR"
"AF"	"AF-ZAB"
"AG"	"AG-03"
"AG"	"AG-04"
"AG"	"AG-05"
"AG"	"AG-06"
"AG"	"AG-07"
"AG"	"AG-08"
"AG"	"AG-10"
"AG"	"AG-11"
"AL"	"AL-01"
"AL"	"AL-02"
"AL"	"AL-03"
"AL"	"AL-04"
"AL"	"AL-05"
"AL"	"AL-06"
"AL"	"AL-07"
"AL"	"AL-08"
"AL"	"AL-09"
"AL"	"AL-10"
"AL"	"AL-11"
"AL"	"AL-12"
"AM"	"AM-AG"
"AM"	"AM-AR"
"AM"	"AM-AV"
"AM"	"AM-ER"
"AM"	"AM-GR"
"AM"	"AM-KT"
"AM"	"AM-LO"
"AM"	"AM-SH"
"AM"	"AM-SU"
"AM"	"AM-TV"
"AM"	"AM-VD"
"AO"	"AO-BGO"
"AO"	"AO-BGU"
"AO"	"AO-BIE"
"AO"	"AO-CAB"
"AO"	"AO-CCU"
"AO"	"AO-CNN"
"AO"	"AO-CNO"
"AO"	"AO-CUS"
"AO"	"AO-HUA"
"AO"	"AO-HUI"
"AO"	"AO-LNO"
"AO"	"AO-LSU"
"AO"	"AO-LUA"
"AO"	"AO-MAL"
"AO"	"AO-MOX"
"AO"	"AO-NAM"
"AO"	"AO-UIG"
"AO"	"AO-ZAI"
"AR"	"AR-A"
"AR"	"AR-B"
"AR"	"AR-C"
"AR"	"AR-D"
"AR"	"AR-E"
"AR"	"AR-F"
"AR"	"AR-G"
"AR"	"AR-H"
"AR"	"AR-J"
"AR"	"AR-K"
"AR"	"AR-L"
"AR"	"AR-M"
"AR"	"AR-N"
"AR"	"AR-P"
"AR"	"AR-Q"
"AR"	"AR-R"
"AR"	"AR-S"
"AR"	"AR-T"
"AR"	"AR-U"
"AR"	"AR-V"
"AR"	"AR-W"
"AR"	"AR-X"
"AR"	"AR-Y"
"AR"	"AR-Z"
"AT"	"AT-1"
"AT"	"AT-2"
"AT"	"AT-3"
"AT"	"AT-4"
"AT"	"AT-5"
"AT"	"AT-6"
"AT"	"AT-7"
"AT"	"AT-8"
"AT"	"AT-9"
"AU"	"AU-ACT"
"AU"	"AU-NSW"
"AU"	"AU-NT"
"AU"	"AU-QLD"
"AU"	"AU-SA"
"AU"	"AU-TAS"
"AU"	"AU-VIC"
"AU"	"AU-WA"
"AZ"	"AZ-ABS"
"AZ"	"AZ-AGA"
"AZ"	"AZ-AGC"
"AZ"	"AZ-AGM"
"AZ"	"AZ-AGS"
"AZ"	"AZ-AGU"
"AZ"	"AZ-AST"
"AZ"	"AZ-BA"
"AZ"	"AZ-BAB"
"AZ"	"AZ-BAL"
"AZ"	"AZ-BAR"
"AZ"	"AZ-BEY"
"AZ"	"AZ-BIL"
"AZ"	"AZ-CAB"
"AZ"	"AZ-CAL"
"AZ"	"AZ-CUL"
"AZ"	"AZ-DAS"
"AZ"	"AZ-FUZ"
"AZ"	"AZ-GA"
"AZ"	"AZ-GAD"
"AZ"	"AZ-GOR"
"AZ"	"AZ-GOY"
"AZ"	"AZ-GYG"
"AZ"	"AZ-HAC"
"AZ"	"AZ-IMI"
"AZ"	"AZ-ISM"
"AZ"	"AZ-KAL"
"AZ"	"AZ-KAN"
"AZ"	"AZ-KUR"
"AZ"	"AZ-LA"
"AZ"	"AZ-LAC"
"AZ"	"AZ-LAN"
"AZ"	"AZ-LER"
"AZ"	"AZ-MAS"
"AZ"	"AZ-MI"
"AZ"	"AZ-NA"
"AZ"	"AZ-NEF"
"AZ"	"AZ-NV"
"AZ"	"AZ-NX"
"AZ"	"AZ-OGU"
"AZ"	"AZ-ORD"
"AZ"	"AZ-QAB"
"AZ"	"AZ-QAX"
"AZ"	"AZ-QAZ"
"AZ"	"AZ-QBA"
"AZ"	"AZ-QBI"
"AZ"	"AZ-QOB"
"AZ"	"AZ-QUS"
"AZ"	"AZ-SA"
"AZ"	"AZ-SAB"
"AZ"	"AZ-SAD"
"AZ"	"AZ-SAH"
"AZ"	"AZ-SAK"
"AZ"	"AZ-SAL"
"AZ"	"AZ-SAR"
"AZ"	"AZ-SAT"
"AZ"	"AZ-SBN"
"AZ"	"AZ-SIY"
"AZ"	"AZ-SKR"
"AZ"	"AZ-SM"
"AZ"	"AZ-SMI"
"AZ"	"AZ-SMX"
"AZ"	"AZ-SR"
"AZ"	"AZ-SUS"
"AZ"	"AZ-TAR"
"AZ"	"AZ-TOV"
"AZ"	"AZ-UCA"
"AZ"	"AZ-XA"
"AZ"	"AZ-XAC"
"AZ"	"AZ-XCI"
"AZ"	"AZ-XIZ"
"AZ"	"AZ-XVD"
"AZ"	"AZ-YAR"
"AZ"	"AZ-YE"
"AZ"	"AZ-YEV"
"AZ"	"AZ-ZAN"
"AZ"	"AZ-ZAQ"
"AZ"	"AZ-ZAR"
"BA"	"BA-BIH"
"BA"	"BA-BRC"
"BA"	"BA-SRP"
"BB"	"BB-01"
"BB"	"BB-02"
"BB"	"BB-03"
"BB"	"BB-04"
"BB"	"BB-05"
"BB"	"BB-06"
"BB"	"BB-07"
"BB"	"BB-08"
"BB"	"BB-09"
"BB"	"BB-10"
"BB"	"BB-11"
"BD"	"BD-01"
"BD"	"BD-02"
"BD"	"BD-03"
"BD"	"BD-04"
"BD"	"BD-05"
"BD"	"BD-06"
"BD"	"BD-07"
"BD"	"BD-08"
"BD"	"BD-09"
"BD"	"BD-10"
"BD"	"BD-11"
"BD"	"BD-12"
"BD"	"BD-13"
"BD"	"BD-14"
"BD"	"BD-15"
"BD"	"BD-16"
"BD"	"BD-17"
"BD"	"BD-18"
"BD"	"BD-19"
"BD"	"BD-20"
"BD"	"BD-21"
"BD"	"BD-22"
"BD"	"BD-23"
"BD"	"BD-24"
"BD"	"BD-25"
"BD"	"BD-26"
"BD"	"BD-27"
"BD"	"BD-28"
"BD"	"BD-29"
"BD"	"BD-30"
"BD"	"BD-31"
"BD"	"BD-32"
"BD"	"BD-33"
"BD"	"BD-34"
"BD"	"BD-35"
"BD"	"BD-36"
"BD"	"BD-37"
"BD"	"BD-38"
"BD"	"BD-39"
"BD"	"BD-40"
"BD"	"BD-41"
"BD"	"BD-42"
"BD"	"BD-43"
"BD"	"BD-44"
"BD"	"BD-45"
"BD"	"BD-46"
"BD"	"BD-47"
"BD"	"BD-48"
"BD"	"BD-49"
"BD"	"BD-50"
"BD"	"BD-51"
"BD"	"BD-52"
"BD"	"BD-53"
"BD"	"BD-54"
"BD"	"BD-55"
"BD"	"BD-56"
"BD"	"BD-57"
"BD"	"BD-58"
"BD"	"BD-59"
"BD"	"BD-60"
"BD"	"BD-61"
"BD"	"BD-62"
"BD"	"BD-63"
"BD"	"BD-64"
"BD"	"BD-A"
"BD"	"BD-B"
"BD"	"BD-C"
"BD"	"BD-D"
"BD"	"BD-E"
"BD"	"BD-F"
"BD"	"BD-G"
"BD"	"BD-H"
"BE"	"BE-BRU"
"BE"	"BE-VAN"
"BE"	"BE-VBR"
"BE"	"BE-VLG"
"BE"	"BE-VLI"
"BE"	"BE-VOV"
"BE"	"BE-VWV"
"BE"	"BE-WAL"
"BE"	"BE-WBR"
"BE"	"BE-WHT"
"BE"	"BE-WLG"
"BE"	"BE-WLX"
"BE"	"BE-WNA"
"BF"	"BF-01"
"BF"	"BF-02"
"BF"	"BF-03"
"BF"	"BF-04"
"BF"	"BF-05"
"BF"	"BF-06"
"BF"	"BF-07"
"BF"	"BF-08"
"BF"	"BF-09"
"BF"	"BF-10"
"BF"	"BF-11"
"BF"	"BF-12"
"BF"	"BF-13"
"BF"	"BF-BAL"
"BF"	"BF-BAM"
"BF"	"BF-BAN"
"BF"	"BF-BAZ"
"BF"	"BF-BGR"
"BF"	"BF-BLG"
"BF"	"BF-BLK"
"BF"	"BF-COM"
"BF"	"BF-GAN"
"BF"	"BF-GNA"
"BF"	"BF-GOU"
"BF"	"BF-HOU"
"BF"	"BF-IOB"
"BF"	"BF-KAD"
"BF"	"BF-KEN"
"BF"	"BF-KMD"
"BF"	"BF-KMP"
"BF"	"BF-KOP"
"BF"	"BF-KOS"
"BF"	"BF-KOT"
"BF"	"BF-KOW"
"BF"	"BF-LER"
"BF"	"BF-LOR"
"BF"	"BF-MOU"
"BF"	"BF-NAM"
"BF"	"BF-NAO"
"BF"	"BF-NAY"
"BF"	"BF-NOU"
"BF"	"BF-OUB"
"BF"	"BF-OUD"
"BF"	"BF-PAS"
"BF"	"BF-PON"
"BF"	"BF-SEN"
"BF"	"BF-SIS"
"BF"	"BF-SMT"
"BF"	"BF-SNG"
"BF"	"BF-SOM"
"BF"	"BF-SOR"
"BF"	"BF-TAP"
"BF"	"BF-TUI"
"BF"	"BF-YAG"
"BF"	"BF-YAT"
"BF"	"BF-ZIR"
"BF"	"BF-ZON"
"BF"	"BF-ZOU"
"BG"	"BG-01"
"BG"	"BG-02"
"BG"	"BG-03"
"BG"	"BG-04"
"BG"	"BG-05"
"BG"	"BG-06"
"BG"	"BG-07"
"BG"	"BG-08"
"BG"	"BG-09"
"BG"	"BG-10"
"BG"	"BG-11"
"BG"	"BG-12"
"BG"	"BG-13"
"BG"	"BG-14"
"BG"	"BG-15"
"BG"	"BG-16"
"BG"	"BG-17"
"BG"	"BG-18"
"BG"	"BG-19"
"BG"	"BG-20"
"BG"	"BG-21"
"BG"	"BG-22"
"BG"	"BG-23"
"BG"	"BG-24"
"BG"	"BG-25"
"BG"	"BG-26"
"BG"	"BG-27"
"BG"	"BG-28"
"BH"	"BH-13"
"BH"	"BH-14"
"BH"	"BH-15"
"BH"	"BH-17"
"BI"	"BI-BB"
"BI"	"BI-BL"
"BI"	"BI-BM"
"BI"	"BI-BR"
"BI"	"BI-CA"
"BI"	"BI-CI"
"BI"	"BI-GI"
"BI"	"BI-KI"
"BI"	"BI-KR"
"BI"	"BI-KY"
"BI"	"BI-MA"
"BI"	"BI-MU"
"BI"	"BI-MW"
"BI"	"BI-MY"
"BI"	"BI-NG"
"BI"	"BI-RM"
"BI"	"BI-RT"
"BI"	"BI-RY"
"BJ"	"BJ-AK"
"BJ"	"BJ-AL"
"BJ"	"BJ-AQ"
"BJ"	"BJ-BO"
"BJ"	"BJ-CO"
"BJ"	"BJ-DO"
"BJ"	"BJ-KO"
"BJ"	"BJ-LI"
"BJ"	"BJ-MO"
"BJ"	"BJ-OU"
"BJ"	"BJ-PL"
"BJ"	"BJ-ZO"
"BN"	"BN-BE"
"BN"	"BN-BM"
"BN"	"BN-TE"
"BN"	"BN-TU"
"BO"	"BO-B"
"BO"	"BO-C"
"BO"	"BO-H"
"BO"	"BO-L"
"BO"	"BO-N"
"BO"	"BO-O"
"BO"	"BO-P"
"BO"	"BO-S"
"BO"	"BO-T"
"BQ"	"BQ-BO"
"BQ"	"BQ-SA"
"BQ"	"BQ-SE"
"BR"	"BR-AC"
"BR"	"BR-AL"
"BR"	"BR-AM"
"BR"	"BR-AP"
"BR"	"BR-BA"
"BR"	"BR-CE"
"BR"	"BR-DF"
"BR"	"BR-ES"
"BR"	"BR-GO"
"BR"	"BR-MA"
"BR"	"BR-MG"
"BR"	"BR-MS"
"BR"	"BR-MT"
"BR"	"BR-PA"
"BR"	"BR-PB"
"BR"	"BR-PE"
"BR"	"BR-PI"
"BR"	"BR-PR"
"BR"	"BR-RJ"
"BR"	"BR-RN"
"BR"	"BR-RO"
"BR"	"BR-RR"
"BR"	"BR-RS"
"BR"	"BR-SC"
"BR"	"BR-SE"
"BR"	"BR-SP"
"BR"	"BR-TO"
"BS"	"BS-AK"
"BS"	"BS-BI"
"BS"	"BS-BP"
"BS"	"BS-BY"
"BS"	"BS-CE"
"BS"	"BS-CI"
"BS"	"BS-CK"
"BS"	"BS-CO"
"BS"	"BS-CS"
"BS"	"BS-EG"
"BS"	"BS-EX"
"BS"	"BS-FP"
"BS"	"BS-GC"
"BS"	"BS-HI"
"BS"	"BS-HT"
"BS"	"BS-IN"
"BS"	"BS-LI"
"BS"	"BS-MC"
"BS"	"BS-MG"
"BS"	"BS-MI"
"BS"	"BS-NE"
"BS"	"BS-NO"
"BS"	"BS-NP"
"BS"	"BS-NS"
"BS"	"BS-RC"
"BS"	"BS-RI"
"BS"	"BS-SA"
"BS"	"BS-SE"
"BS"	"BS-SO"
"BS"	"BS-SS"
"BS"	"BS-SW"
"BS"	"BS-WG"
"BT"	"BT-11"
"BT"	"BT-12"
"BT"	"BT-13"
"BT"	"BT-14"
"BT"	"BT-15"
"BT"	"BT-21"
"BT"	"BT-22"
"BT"	"BT-23"
"BT"	"BT-24"
"BT"	"BT-31"
"BT"	"BT-32"
"BT"	"BT-33"
"BT"	"BT-34"
"BT"	"BT-41"
"BT"	"BT-42"
"BT"	"BT-43"
"BT"	"BT-44"
"BT"	"BT-45"
"BT"	"BT-GA"
"BT"	"BT-TY"
"BW"	"BW-CE"
"BW"	"BW-CH"
"BW"	"BW-FR"
"BW"	"BW-GA"
"BW"	"BW-GH"
"BW"	"BW-JW"
"BW"	"BW-KG"
"BW"	"BW-KL"
"BW"	"BW-KW"
"BW"	"BW-LO"
"BW"	"BW-NE"
"BW"	"BW-NW"
"BW"	"BW-SE"
"BW"	"BW-SO"
"BW"	"BW-SP"
"BW"	"BW-ST"
"BY"	"BY-BR"
"BY"	"BY-HM"
"BY"	"BY-HO"
"BY"	"BY-HR"
"BY"	"BY-MA"
"BY"	"BY-MI"
"BY"	"BY-VI"
"BZ"	"BZ-BZ"
"BZ"	"BZ-CY"
"BZ"	"BZ-CZL"
"BZ"	"BZ-OW"
"BZ"	"BZ-SC"
"BZ"	"BZ-TOL"
"CA"	"CA-AB"
"CA"	"CA-BC"
"CA"	"CA-MB"
"CA"	"CA-NB"
"CA"	"CA-NL"
"CA"	"CA-NS"
"CA"	"CA-NT"
"CA"	"CA-NU"
"CA"	"CA-ON"
"CA"	"CA-PE"
"CA"	"CA-QC"
"CA"	"CA-SK"
"CA"	"CA-YT"
"CD"	"CD-BC"
"CD"	"CD-BU"
"CD"	"CD-EQ"
"CD"	"CD-HK"
"CD"	"CD-HL"
"CD"	"CD-HU"
"CD"	"CD-IT"
"CD"	"CD-KC"
"CD"	"CD-KE"
"CD"	"CD-KG"
"CD"	"CD-KL"
"CD"	"CD-KN"
"CD"	"CD-KS"
"CD"	"CD-LO"
"CD"	"CD-LU"
"CD"	"CD-MA"
"CD"	"CD-MN"
"CD"	"CD-MO"
"CD"	"CD-NK"
"CD"	"CD-NU"
"CD"	"CD-SA"
"CD"	"CD-SK"
"CD"	"CD-SU"
"CD"	"CD-TA"
"CD"	"CD-TO"
"CD"	"CD-TU"
"CF"	"CF-AC"
"CF"	"CF-BB"
"CF"	"CF-BGF"
"CF"	"CF-BK"
"CF"	"CF-HK"
"CF"	"CF-HM"
"CF"	"CF-HS"
"CF"	"CF-KB"
"CF"	"CF-KG"
"CF"	"CF-LB"
"CF"	"CF-MB"
"CF"	"CF-MP"
"CF"	"CF-NM"
"CF"	"CF-OP"
"CF"	"CF-SE"
"CF"	"CF-UK"
"CF"	"CF-VK"
"CG"	"CG-11"
"CG"	"CG-12"
"CG"	"CG-13"
"CG"	"CG-14"
"CG"	"CG-15"
"CG"	"CG-16"
"CG"	"CG-2"
"CG"	"CG-5"
"CG"	"CG-7"
"CG"	"CG-8"
"CG"	"CG-9"
"CG"	"CG-BZV"
"CH"	"CH-AG"
"CH"	"CH-AI"
"CH"	"CH-AR"
"CH"	"CH-BE"
"CH"	"CH-BL"
"CH"	"CH-BS"
"CH"	"CH-FR"
"CH"	"CH-GE"
"CH"	"CH-GL"
"CH"	"CH-GR"
"CH"	"CH-JU"
"CH"	"CH-LU"
"CH"	"CH-NE"
"CH"	"CH-NW"
"CH"	"CH-OW"
"CH"	"CH-SG"
"CH"	"CH-SH"
"CH"	"CH-SO"
"CH"	"CH-SZ"
"CH"	"CH-TG"
"CH"	"CH-TI"
"CH"	"CH-UR"
"CH"	"CH-VD"
"CH"	"CH-VS"
"CH"	"CH-ZG"
"CH"	"CH-ZH"
"CI"	"CI-AB"
"CI"	"CI-BS"
"CI"	"CI-CM"
"CI"	"CI-DN"
"CI"	"CI-GD"
"CI"	"CI-LC"
"CI"	"CI-LG"
"CI"	"CI-MG"
"CI"	"CI-SM"
"CI"	"CI-SV"
"CI"	"CI-VB"
"CI"	"CI-WR"
"CI"	"CI-YM"
"CI"	"CI-ZZ"
"CL"	"CL-AI"
"CL"	"CL-AN"
"CL"	"CL-AP"
"CL"	"CL-AR"
"CL"	"CL-AT"
"CL"	"CL-BI"
"CL"	"CL-CO"
"CL"	"CL-LI"
"CL"	"CL-LL"
"CL"	"CL-LR"
"CL"	"CL-MA"
"CL"	"CL-ML"
"CL"	"CL-NB"
"CL"	"CL-RM"
"CL"	"CL-TA"
"CL"	"CL-VS"
"CM"	"CM-AD"
"CM"	"CM-CE"
"CM"	"CM-EN"
"CM"	"CM-ES"
"CM"	"CM-LT"
"CM"	"CM-NO"
"CM"	"CM-NW"
"CM"	"CM-OU"
"CM"	"CM-SU"
"CM"	"CM-SW"
"CN"	"CN-AH"
"CN"	"CN-BJ"
"CN"	"CN-CQ"
"CN"	"CN-FJ"
"CN"	"CN-GD"
"CN"	"CN-GS"
"CN"	"CN-GX"
"CN"	"CN-GZ"
"CN"	"CN-HA"
"CN"	"CN-HB"
"CN"	"CN-HE"
"CN"	"CN-HI"
"CN"	"CN-HK"
"CN"	"CN-HL"
"CN"	"CN-HN"
"CN"	"CN-JL"
"CN"	"CN-JS"
"CN"	"CN-JX"
"CN"	"CN-LN"
"CN"	"CN-MO"
"CN"	"CN-NM"
"CN"	"CN-NX"
"CN"	"CN-QH"
"CN"	"CN-SC"
"CN"	"CN-SD"
"CN"	"CN-SH"
"CN"	"CN-SN"
"CN"	"CN-SX"
"CN"	"CN-TJ"
"CN"	"CN-TW"
"CN"	"CN-XJ"
"CN"	"CN-XZ"
"CN"	"CN-YN"
"CN"	"CN-ZJ"
"CO"	"CO-AMA"
"CO"	"CO-ANT"
"CO"	"CO-ARA"
"CO"	"CO-ATL"
"CO"	"CO-BOL"
"CO"	"CO-BOY"
"CO"	"CO-CAL"
"CO"	"CO-CAQ"
"CO"	"CO-CAS"
"CO"	"CO-CAU"
"CO"	"CO-CES"
"CO"	"CO-CHO"
"CO"	"CO-COR"
"CO"	"CO-CUN"
"CO"	"CO-DC"
"CO"	"CO-GUA"
"CO"	"CO-GUV"
"CO"	"CO-HUI"
"CO"	"CO-LAG"
"CO"	"CO-MAG"
"CO"	"CO-MET"
"CO"	"CO-NAR"
"CO"	"CO-NSA"
"CO"	"CO-PUT"
"CO"	"CO-QUI"
"CO"	"CO-RIS"
"CO"	"CO-SAN"
"CO"	"CO-SAP"
"CO"	"CO-SUC"
"CO"	"CO-TOL"
"CO"	"CO-VAC"
"CO"	"CO-VAU"
"CO"	"CO-VID"
"CR"	"CR-A"
"CR"	"CR-C"
"CR"	"CR-G"
"CR"	"CR-H"
"CR"	"CR-L"
"CR"	"CR-P"
"CR"	"CR-SJ"
"CU"	"CU-01"
"CU"	"CU-03"
"CU"	"CU-04"
"CU"	"CU-05"
"CU"	"CU-06"
"CU"	"CU-07"
"CU"	"CU-08"
"CU"	"CU-09"
"CU"	"CU-10"
"CU"	"CU-11"
"CU"	"CU-12"
"CU"	"CU-13"
"CU"	"CU-14"
"CU"	"CU-15"
"CU"	"CU-16"
"CU"	"CU-99"
"CV"	"CV-B"
"CV"	"CV-BR"
"CV"	"CV-BV"
"CV"	"CV-CA"
"CV"	"CV-CF"
"CV"	"CV-CR"
"CV"	"CV-MA"
"CV"	"CV-MO"
"CV"	"CV-PA"
"CV"	"CV-PN"
"CV"	"CV-PR"
"CV"	"CV-RB"
"CV"	"CV-RG"
"CV"	"CV-RS"
"CV"	"CV-S"
"CV"	"CV-SD"
"CV"	"CV-SF"
"CV"	"CV-SL"
"CV"	"CV-SM"
"CV"	"CV-SO"
"CV"	"CV-SS"
"CV"	"CV-SV"
"CV"	"CV-TA"
"CV"	"CV-TS"
"CY"	"CY-01"
"CY"	"CY-02"
"CY"	"CY-03"
"CY"	"CY-04"
"CY"	"CY-05"
"CY"	"CY-06"
"CZ"	"CZ-10"
"CZ"	"CZ-20"
"CZ"	"CZ-201"
"CZ"	"CZ-202"
"CZ"	"CZ-203"
"CZ"	"CZ-204"
"CZ"	"CZ-205"
"CZ"	"CZ-206"
"CZ"	"CZ-207"
"CZ"	"CZ-208"
"CZ"	"CZ-209"
"CZ"	"CZ-20A"
"CZ"	"CZ-20B"
"CZ"	"CZ-20C"
"CZ"	"CZ-31"
"CZ"	"CZ-311"
"CZ"	"CZ-312"
"CZ"	"CZ-313"
"CZ"	"CZ-314"
"CZ"	"CZ-315"
"CZ"	"CZ-316"
"CZ"	"CZ-317"
"CZ"	"CZ-32"
"CZ"	"CZ-321"
"CZ"	"CZ-322"
"CZ"	"CZ-323"
"CZ"	"CZ-324"
"CZ"	"CZ-325"
"CZ"	"CZ-326"
"CZ"	"CZ-327"
"CZ"	"CZ-41"
"CZ"	"CZ-411"
"CZ"	"CZ-412"
"CZ"	"CZ-413"
"CZ"	"CZ-42"
"CZ"	"CZ-421"
"CZ"	"CZ-422"
"CZ"	"CZ-423"
"CZ"	"CZ-424"
"CZ"	"CZ-425"
"CZ"	"CZ-426"
"CZ"	"CZ-427"
"CZ"	"CZ-51"
"CZ"	"CZ-511"
"CZ"	"CZ-512"
"CZ"	"CZ-513"
"CZ"	"CZ-514"
"CZ"	"CZ-52"
"CZ"	"CZ-521"
"CZ"	"CZ-522"
"CZ"	"CZ-523"
"CZ"	"CZ-524"
"CZ"	"CZ-525"
"CZ"	"CZ-53"
"CZ"	"CZ-531"
"CZ"	"CZ-532"
"CZ"	"CZ-533"
"CZ"	"CZ-534"
"CZ"	"CZ-63"
"CZ"	"CZ-631"
"CZ"	"CZ-632"
"CZ"	"CZ-633"
"CZ"	"CZ-634"
"CZ"	"CZ-635"
"CZ"	"CZ-64"
"CZ"	"CZ-641"
"CZ"	"CZ-642"
"CZ"	"CZ-643"
"CZ"	"CZ-644"
"CZ"	"CZ-645"
"CZ"	"CZ-646"
"CZ"	"CZ-647"
"CZ"	"CZ-71"
"CZ"	"CZ-711"
"CZ"	"CZ-712"
"CZ"	"CZ-713"
"CZ"	"CZ-714"
"CZ"	"CZ-715"
"CZ"	"CZ-72"
"CZ"	"CZ-721"
"CZ"	"CZ-722"
"CZ"	"CZ-723"
"CZ"	"CZ-724"
"CZ"	"CZ-80"
"CZ"	"CZ-801"
"CZ"	"CZ-802"
"CZ"	"CZ-803"
"CZ"	"CZ-804"
"CZ"	"CZ-805"
"CZ"	"CZ-806"
"DE"	"DE-BB"
"DE"	"DE-BE"
"DE"	"DE-BW"
"DE"	"DE-BY"
"DE"	"DE-HB"
"DE"	"DE-HE"
"DE"	"DE-HH"
"DE"	"DE-MV"
"DE"	"DE-NI"
"DE"	"DE-NW"
"DE"	"DE-RP"
"DE"	"DE-SH"
"DE"	"DE-SL"
"DE"	"DE-SN"
"DE"	"DE-ST"
"DE"	"DE-TH"
"DJ"	"DJ-AR"
"DJ"	"DJ-AS"
"DJ"	"DJ-DI"
"DJ"	"DJ-DJ"
"DJ"	"DJ-OB"
"DJ"	"DJ-TA"
"DK"	"DK-81"
"DK"	"DK-82"
"DK"	"DK-83"
"DK"	"DK-84"
"DK"	"DK-85"
"DM"	"DM-02"
"DM"	"DM-03"
"DM"	"DM-04"
"DM"	"DM-05"
"DM"	"DM-06"
"DM"	"DM-07"
"DM"	"DM-08"
"DM"	"DM-09"
"DM"	"DM-10"
"DM"	"DM-11"
"DO"	"DO-01"
"DO"	"DO-02"
"DO"	"DO-03"
"DO"	"DO-04"
"DO"	"DO-05"
"DO"	"DO-06"
"DO"	"DO-07"
"DO"	"DO-08"
"DO"	"DO-09"
"DO"	"DO-10"
"DO"	"DO-11"
"DO"	"DO-12"
"DO"	"DO-13"
"DO"	"DO-14"
"DO"	"DO-15"
"DO"	"DO-16"
"DO"	"DO-17"
"DO"	"DO-18"
"DO"	"DO-19"
"DO"	"DO-20"
"DO"	"DO-21"
"DO"	"DO-22"
"DO"	"DO-23"
"DO"	"DO-24"
"DO"	"DO-25"
"DO"	"DO-26"
"DO"	"DO-27"
"DO"	"DO-28"
"DO"	"DO-29"
"DO"	"DO-30"
"DO"	"DO-31"
"DO"	"DO-32"
"DO"	"DO-33"
"DO"	"DO-34"
"DO"	"DO-35"
"DO"	"DO-36"
"DO"	"DO-37"
"DO"	"DO-38"
"DO"	"DO-39"
"DO"	"DO-40"
"DO"	"DO-41"
"DO"	"DO-42"
"DZ"	"DZ-01"
"DZ"	"DZ-02"
"DZ"	"DZ-03"
"DZ"	"DZ-04"
"DZ"	"DZ-05"
"DZ"	"DZ-06"
"DZ"	"DZ-07"
"DZ"	"DZ-08"
"DZ"	"DZ-09"
"DZ"	"DZ-10"
"DZ"	"DZ-11"
"DZ"	"DZ-12"
"DZ"	"DZ-13"
"DZ"	"DZ-14"
"DZ"	"DZ-15"
"DZ"	"DZ-16"
"DZ"	"DZ-17"
"DZ"	"DZ-18"
"DZ"	"DZ-19"
"DZ"	"DZ-20"
"DZ"	"DZ-21"
"DZ"	"DZ-22"
"DZ"	"DZ-23"
"DZ"	"DZ-24"
"DZ"	"DZ-25"
"DZ"	"DZ-26"
"DZ"	"DZ-27"
"DZ"	"DZ-28"
"DZ"	"DZ-29"
"DZ"	"DZ-30"
"DZ"	"DZ-31"
"DZ"	"DZ-32"
"DZ"	"DZ-33"
"DZ"	"DZ-34"
"DZ"	"DZ-35"
"DZ"	"DZ-36"
"DZ"	"DZ-37"
"DZ"	"DZ-38"
"DZ"	"DZ-39"
"DZ"	"DZ-40"
"DZ"	"DZ-41"
"DZ"	"DZ-42"
"DZ"	"DZ-43"
"DZ"	"DZ-44"
"DZ"	"DZ-45"
"DZ"	"DZ-46"
"DZ"	"DZ-47"
"DZ"	"DZ-48"
"DZ"	"DZ-49"
"DZ"	"DZ-50"
"DZ"	"DZ-51"
"DZ"	"DZ-52"
"DZ"	"DZ-53"
"DZ"	"DZ-54"
"DZ"	"DZ-55"
"DZ"	"DZ-56"
"DZ"	"DZ-57"
"DZ"	"DZ-58"
"EC"	"EC-A"
"EC"	"EC-B"
"EC"	"EC-C"
"EC"	"EC-D"
"EC"	"EC-E"
"EC"	"EC-F"
"EC"	"EC-G"
"EC"	"EC-H"
"EC"	"EC-I"
"EC"	"EC-L"
"EC"	"EC-M"
"EC"	"EC-N"
"EC"	"EC-O"
"EC"	"EC-P"
"EC"	"EC-R"
"EC"	"EC-S"
"EC"	"EC-SD"
"EC"	"EC-SE"
"EC"	"EC-T"
"EC"	"EC-U"
"EC"	"EC-W"
"EC"	"EC-X"
"EC"	"EC-Y"
"EC"	"EC-Z"
"EE"	"EE-130"
"EE"	"EE-141"
"EE"	"EE-142"
"EE"	"EE-171"
"EE"	"EE-184"
"EE"	"EE-191"
"EE"	"EE-198"
"EE"	"EE-205"
"EE"	"EE-214"
"EE"	"EE-245"
"EE"	"EE-247"
"EE"	"EE-251"
"EE"	"EE-255"
"EE"	"EE-272"
"EE"	"EE-283"
"EE"	"EE-284"
"EE"	"EE-291"
"EE"	"EE-293"
"EE"	"EE-296"
"EE"	"EE-303"
"EE"	"EE-305"
"EE"	"EE-317"
"EE"	"EE-321"
"EE"	"EE-338"
"EE"	"EE-353"
"EE"	"EE-37"
"EE"	"EE-39"
"EE"	"EE-424"
"EE"	"EE-430"
"EE"	"EE-431"
"EE"	"EE-432"
"EE"	"EE-441"
"EE"	"EE-442"
"EE"	"EE-446"
"EE"	"EE-45"
"EE"	"EE-478"
"EE"	"EE-480"
"EE"	"EE-486"
"EE"	"EE-50"
"EE"	"EE-503"
"EE"	"EE-511"
"EE"	"EE-514"
"EE"	"EE-52"
"EE"	"EE-528"
"EE"	"EE-557"
"EE"	"EE-56"
"EE"	"EE-567"
"EE"	"EE-586"
"EE"	"EE-60"
"EE"	"EE-615"
"EE"	"EE-618"
"EE"	"EE-622"
"EE"	"EE-624"
"EE"	"EE-638"
"EE"	"EE-64"
"EE"	"EE-651"
"EE"	"EE-653"
"EE"	"EE-661"
"EE"	"EE-663"
"EE"	"EE-668"
"EE"	"EE-68"
"EE"	"EE-689"
"EE"	"EE-698"
"EE"	"EE-708"
"EE"	"EE-71"
"EE"	"EE-712"
"EE"	"EE-714"
"EE"	"EE-719"
"EE"	"EE-726"
"EE"	"EE-732"
"EE"	"EE-735"
"EE"	"EE-74"
"EE"	"EE-784"
"EE"	"EE-79"
"EE"	"EE-792"
"EE"	"EE-793"
"EE"	"EE-796"
"EE"	"EE-803"
"EE"	"EE-809"
"EE"	"EE-81"
"EE"	"EE-824"
"EE"	"EE-834"
"EE"	"EE-84"
"EE"	"EE-855"
"EE"	"EE-87"
"EE"	"EE-890"
"EE"	"EE-897"
"EE"	"EE-899"
"EE"	"EE-901"
"EE"	"EE-903"
"EE"	"EE-907"
"EE"	"EE-917"
"EE"	"EE-919"
"EE"	"EE-928"
"EG"	"EG-ALX"
"EG"	"EG-ASN"
"EG"	"EG-AST"
"EG"	"EG-BA"
"EG"	"EG-BH"
"EG"	"EG-BNS"
"EG"	"EG-C"
"EG"	"EG-DK"
"EG"	"EG-DT"
"EG"	"EG-FYM"
"EG"	"EG-GH"
"EG"	"EG-GZ"
"EG"	"EG-IS"
"EG"	"EG-JS"
"EG"	"EG-KB"
"EG"	"EG-KFS"
"EG"	"EG-KN"
"EG"	"EG-LX"
"EG"	"EG-MN"
"EG"	"EG-MNF"
"EG"	"EG-MT"
"EG"	"EG-PTS"
"EG"	"EG-SHG"
"EG"	"EG-SHR"
"EG"	"EG-SIN"
"EG"	"EG-SUZ"
"EG"	"EG-WAD"
"ER"	"ER-AN"
"ER"	"ER-DK"
"ER"	"ER-DU"
"ER"	"ER-GB"
"ER"	"ER-MA"
"ER"	"ER-SK"
"ES"	"ES-A"
"ES"	"ES-AB"
"ES"	"ES-AL"
"ES"	"ES-AN"
"ES"	"ES-AR"
"ES"	"ES-AS"
"ES"	"ES-AV"
"ES"	"ES-B"
"ES"	"ES-BA"
"ES"	"ES-BI"
"ES"	"ES-BU"
"ES"	"ES-C"
"ES"	"ES-CA"
"ES"	"ES-CB"
"ES"	"ES-CC"
"ES"	"ES-CE"
"ES"	"ES-CL"
"ES"	"ES-CM"
"ES"	"ES-CN"
"ES"	"ES-CO"
"ES"	"ES-CR"
"ES"	"ES-CS"
"ES"	"ES-CT"
"ES"	"ES-CU"
"ES"	"ES-EX"
"ES"	"ES-GA"
"ES"	"ES-GC"
"ES"	"ES-GI"
"ES"	"ES-GR"
"ES"	"ES-GU"
"ES"	"ES-H"
"ES"	"ES-HU"
"ES"	"ES-IB"
"ES"	"ES-J"
"ES"	"ES-L"
"ES"	"ES-LE"
"ES"	"ES-LO"
"ES"	"ES-LU"
"ES"	"ES-M"
"ES"	"ES-MA"
"ES"	"ES-MC"
"ES"	"ES-MD"
"ES"	"ES-ML"
"ES"	"ES-MU"
"ES"	"ES-NA"
"ES"	"ES-NC"
"ES"	"ES-O"
"ES"	"ES-OR"
"ES"	"ES-P"
"ES"	"ES-PM"
"ES"	"ES-PO"
"ES"	"ES-PV"
"ES"	"ES-RI"
"ES"	"ES-S"
"ES"	"ES-SA"
"ES"	"ES-SE"
"ES"	"ES-SG"
"ES"	"ES-SO"
"ES"	"ES-SS"
"ES"	"ES-T"
"ES"	"ES-TE"
"ES"	"ES-TF"
"ES"	"ES-TO"
"ES"	"ES-V"
"ES"	"ES-VA"
"ES"	"ES-VC"
"ES"	"ES-VI"
"ES"	"ES-Z"
"ES"	"ES-ZA"
"ET"	"ET-AA"
"ET"	"ET-AF"
"ET"	"ET-AM"
"ET"	"ET-BE"
"ET"	"ET-DD"
"ET"	"ET-GA"
"ET"	"ET-HA"
"ET"	"ET-OR"
"ET"	"ET-SI"
"ET"	"ET-SN"
"ET"	"ET-SO"
"ET"	"ET-SW"
"ET"	"ET-TI"
"FI"	"FI-01"
"FI"	"FI-02"
"FI"	"FI-03"
"FI"	"FI-04"
"FI"	"FI-05"
"FI"	"FI-06"
"FI"	"FI-07"
"FI"	"FI-08"
"FI"	"FI-09"
"FI"	"FI-10"
"FI"	"FI-11"
"FI"	"FI-12"
"FI"	"FI-13"
"FI"	"FI-14"
"FI"	"FI-15"
"FI"	"FI-16"
"FI"	"FI-17"
"FI"	"FI-18"
"FI"	"FI-19"
"FJ"	"FJ-01"
"FJ"	"FJ-02"
"FJ"	"FJ-03"
"FJ"	"FJ-04"
"FJ"	"FJ-05"
"FJ"	"FJ-06"
"FJ"	"FJ-07"
"FJ"	"FJ-08"
"FJ"	"FJ-09"
"FJ"	"FJ-10"
"FJ"	"FJ-11"
"FJ"	"FJ-12"
"FJ"	"FJ-13"
"FJ"	"FJ-14"
"FJ"	"FJ-C"
"FJ"	"FJ-E"
"FJ"	"FJ-N"
"FJ"	"FJ-R"
"FJ"	"FJ-W"
"FM"	"FM-KSA"
"FM"	"FM-PNI"
"FM"	"FM-TRK"
"FM"	"FM-YAP"
"FR"	"FR-01"
"FR"	"FR-02"
"FR"	"FR-03"
"FR"	"FR-04"
"FR"	"FR-05"
"FR"	"FR-06"
"FR"	"FR-07"
"FR"	"FR-08"
"FR"	"FR-09"
"FR"	"FR-10"
"FR"	"FR-11"
"FR"	"FR-12"
"FR"	"FR-13"
"FR"	"FR-14"
"FR"	"FR-15"
"FR"	"FR-16"
"FR"	"FR-17"
"FR"	"FR-18"
"FR"	"FR-19"
"FR"	"FR-20R"
"FR"	"FR-21"
"FR"	"FR-22"
"FR"	"FR-23"
"FR"	"FR-24"
"FR"	"FR-25"
"FR"	"FR-26"
"FR"	"FR-27"
"FR"	"FR-28"
"FR"	"FR-29"
"FR"	"FR-2A"
"FR"	"FR-2B"
"FR"	"FR-30"
"FR"	"FR-31"
"FR"	"FR-32"
"FR"	"FR-33"
"FR"	"FR-34"
"FR"	"FR-35"
"FR"	"FR-36"
"FR"	"FR-37"
"FR"	"FR-38"
"FR"	"FR-39"
"FR"	"FR-40"
"FR"	"FR-41"
"FR"	"FR-42"
"FR"	"FR-43"
"FR"	"FR-44"
"FR"	"FR-45"
"FR"	"FR-46"
"FR"	"FR-47"
"FR"	"FR-48"
"FR"	"FR-49"
"FR"	"FR-50"
"FR"	"FR-51"
"FR"	"FR-52"
"FR"	"FR-53"
"FR"	"FR-54"
"FR"	"FR-55"
"FR"	"FR-56"
"FR"	"FR-57"
"FR"	"FR-58"
"FR"	"FR-59"
"FR"	"FR-60"
"FR"	"FR-61"
"FR"	"FR-62"
"FR"	"FR-63"
"FR"	"FR-64"
"FR"	"FR-65"
"FR"	"FR-66"
"FR"	"FR-67"
"FR"	"FR-68"
"FR"	"FR-69"
"FR"	"FR-69M"
"FR"	"FR-6AE"
"FR"	"FR-70"
"FR"	"FR-71"
"FR"	"FR-72"
"FR"	"FR-73"
"FR"	"FR-74"
"FR"	"FR-75C"
"FR"	"FR-76"
"FR"	"FR-77"
"FR"	"FR-78"
"FR"	"FR-79"
"FR"	"FR-80"
"FR"	"FR-81"
"FR"	"FR-82"
"FR"	"FR-83"
"FR"	"FR-84"
"FR"	"FR-85"
"FR"	"FR-86"
"FR"	"FR-87"
"FR"	"FR-88"
"FR"	"FR-89"
"FR"	"FR-90"
"FR"	"FR-91"
"FR"	"FR-92"
"FR"	"FR-93"
"FR"	"FR-94"
"FR"	"FR-95"
"FR"	"FR-971"
"FR"	"FR-972"
"FR"	"FR-973"
"FR"	"FR-974"
"FR"	"FR-976"
"FR"	"FR-ARA"
"FR"	"FR-BFC"
"FR"	"FR-BL"
"FR"	"FR-BRE"
"FR"	"FR-CP"
"FR"	"FR-CVL"
"FR"	"FR-GES"
"FR"	"FR-HDF"
"FR"	"FR-IDF"
"FR"	"FR-MF"
"FR"	"FR-NAQ"
"FR"	"FR-NC"
"FR"	"FR-NOR"
"FR"	"FR-OCC"
"FR"	"FR-PAC"
"FR"	"FR-PDL"
"FR"	"FR-PF"
"FR"	"FR-PM"
"FR"	"FR-TF"
"FR"	"FR-WF"
"GA"	"GA-1"
"GA"	"GA-2"
"GA"	"GA-3"
"GA"	"GA-4"
"GA"	"GA-5"
"GA"	"GA-6"
"GA"	"GA-7"
"GA"	"GA-8"
"GA"	"GA-9"
"GB"	"GB-ABC"
"GB"	"GB-ABD"
"GB"	"GB-ABE"
"GB"	"GB-AGB"
"GB"	"GB-AGY"
"GB"	"GB-AND"
"GB"	"GB-ANN"
"GB"	"GB-ANS"
"GB"	"GB-BAS"
"GB"	"GB-BBD"
"GB"	"GB-BCP"
"GB"	"GB-BDF"
"GB"	"GB-BDG"
"GB"	"GB-BEN"
"GB"	"GB-BEX"
"GB"	"GB-BFS"
"GB"	"GB-BGE"
"GB"	"GB-BGW"
"GB"	"GB-BIR"
"GB"	"GB-BKM"
"GB"	"GB-BNE"
"GB"	"GB-BNH"
"GB"	"GB-BNS"
"GB"	"GB-BOL"
"GB"	"GB-BPL"
"GB"	"GB-BRC"
"GB"	"GB-BRD"
"GB"	"GB-BRY"
"GB"	"GB-BST"
"GB"	"GB-BUR"
"GB"	"GB-CAM"
"GB"	"GB-CAY"
"GB"	"GB-CBF"
"GB"	"GB-CCG"
"GB"	"GB-CGN"
"GB"	"GB-CHE"
"GB"	"GB-CHW"
"GB"	"GB-CLD"
"GB"	"GB-CLK"
"GB"	"GB-CMA"
"GB"	"GB-CMD"
"GB"	"GB-CMN"
"GB"	"GB-CON"
"GB"	"GB-COV"
"GB"	"GB-CRF"
"GB"	"GB-CRY"
"GB"	"GB-CWY"
"GB"	"GB-DAL"
"GB"	"GB-DBY"
"GB"	"GB-DEN"
"GB"	"GB-DER"
"GB"	"GB-DEV"
"GB"	"GB-DGY"
"GB"	"GB-DNC"
"GB"	"GB-DND"
"GB"	"GB-DOR"
"GB"	"GB-DRS"
"GB"	"GB-DUD"
"GB"	"GB-DUR"
"GB"	"GB-EAL"
"GB"	"GB-EAY"
"GB"	"GB-EDH"
"GB"	"GB-EDU"
"GB"	"GB-ELN"
"GB"	"GB-ELS"
"GB"	"GB-ENF"
"GB"	"GB-ENG"
"GB"	"GB-ERW"
"GB"	"GB-ERY"
"GB"	"GB-ESS"
"GB"	"GB-ESX"
"GB"	"GB-FAL"
"GB"	"GB-FIF"
"GB"	"GB-FLN"
"GB"	"GB-FMO"
"GB"	"GB-GAT"
"GB"	"GB-GLG"
"GB"	"GB-GLS"
"GB"	"GB-GRE"
"GB"	"GB-GWN"
"GB"	"GB-HAL"
"GB"	"GB-HAM"
"GB"	"GB-HAV"
"GB"	"GB-HCK"
"GB"	"GB-HEF"
"GB"	"GB-HIL"
"GB"	"GB-HLD"
"GB"	"GB-HMF"
"GB"	"GB-HNS"
"GB"	"GB-HPL"
"GB"	"GB-HRT"
"GB"	"GB-HRW"
"GB"	"GB-HRY"
"GB"	"GB-IOS"
"GB"	"GB-IOW"
"GB"	"GB-ISL"
"GB"	"GB-IVC"
"GB"	"GB-KEC"
"GB"	"GB-KEN"
"GB"	"GB-KHL"
"GB"	"GB-KIR"
"GB"	"GB-KTT"
"GB"	"GB-KWL"
"GB"	"GB-LAN"
"GB"	"GB-LBC"
"GB"	"GB-LBH"
"GB"	"GB-LCE"
"GB"	"GB-LDS"
"GB"	"GB-LEC"
"GB"	"GB-LEW"
"GB"	"GB-LIN"
"GB"	"GB-LIV"
"GB"	"GB-LND"
"GB"	"GB-LUT"
"GB"	"GB-MAN"
"GB"	"GB-MDB"
"GB"	"GB-MDW"
"GB"	"GB-MEA"
"GB"	"GB-MIK"
"GB"	"GB-MLN"
"GB"	"GB-MON"
"GB"	"GB-MRT"
"GB"	"GB-MRY"
"GB"	"GB-MTY"
"GB"	"GB-MUL"
"GB"	"GB-NAY"
"GB"	"GB-NBL"
"GB"	"GB-NEL"
"GB"	"GB-NET"
"GB"	"GB-NFK"
"GB"	"GB-NGM"
"GB"	"GB-NIR"
"GB"	"GB-NLK"
"GB"	"GB-NLN"
"GB"	"GB-NMD"
"GB"	"GB-NNH"
"GB"	"GB-NSM"
"GB"	"GB-NTL"
"GB"	"GB-NTT"
"GB"	"GB-NTY"
"GB"	"GB-NWM"
"GB"	"GB-NWP"
"GB"	"GB-NYK"
"GB"	"GB-OLD"
"GB"	"GB-ORK"
"GB"	"GB-OXF"
"GB"	"GB-PEM"
"GB"	"GB-PKN"
"GB"	"GB-PLY"
"GB"	"GB-POR"
"GB"	"GB-POW"
"GB"	"GB-PTE"
"GB"	"GB-RCC"
"GB"	"GB-RCH"
"GB"	"GB-RCT"
"GB"	"GB-RDB"
"GB"	"GB-RDG"
"GB"	"GB-RFW"
"GB"	"GB-RIC"
"GB"	"GB-ROT"
"GB"	"GB-RUT"
"GB"	"GB-SAW"
"GB"	"GB-SAY"
"GB"	"GB-SCB"
"GB"	"GB-SCT"
"GB"	"GB-SFK"
"GB"	"GB-SFT"
"GB"	"GB-SGC"
"GB"	"GB-SHF"
"GB"	"GB-SHN"
"GB"	"GB-SHR"
"GB"	"GB-SKP"
"GB"	"GB-SLF"
"GB"	"GB-SLG"
"GB"	"GB-SLK"
"GB"	"GB-SND"
"GB"	"GB-SOL"
"GB"	"GB-SOM"
"GB"	"GB-SOS"
"GB"	"GB-SRY"
"GB"	"GB-STE"
"GB"	"GB-STG"
"GB"	"GB-STH"
"GB"	"GB-STN"
"GB"	"GB-STS"
"GB"	"GB-STT"
"GB"	"GB-STY"
"GB"	"GB-SWA"
"GB"	"GB-SWD"
"GB"	"GB-SWK"
"GB"	"GB-TAM"
"GB"	"GB-TFW"
"GB"	"GB-THR"
"GB"	"GB-TOB"
"GB"	"GB-TOF"
"GB"	"GB-TRF"
"GB"	"GB-TWH"
"GB"	"GB-VGL"
"GB"	"GB-WAR"
"GB"	"GB-WBK"
"GB"	"GB-WDU"
"GB"	"GB-WFT"
"GB"	"GB-WGN"
"GB"	"GB-WIL"
"GB"	"GB-WKF"
"GB"	"GB-WLL"
"GB"	"GB-WLN"
"GB"	"GB-WLS"
"GB"	"GB-WLV"
"GB"	"GB-WND"
"GB"	"GB-WNH"
"GB"	"GB-WNM"
"GB"	"GB-WOK"
"GB"	"GB-WOR"
"GB"	"GB-WRL"
"GB"	"GB-WRT"
"GB"	"GB-WRX"
"GB"	"GB-WSM"
"GB"	"GB-WSX"
"GB"	"GB-YOR"
"GB"	"GB-ZET"
"GD"	"GD-01"
"GD"	"GD-02"
"GD"	"GD-03"
"GD"	"GD-04"
"GD"	"GD-05"
"GD"	"GD-06"
"GD"	"GD-10"
"GE"	"GE-AB"
"GE"	"GE-AJ"
"GE"	"GE-GU"
"GE"	"GE-IM"
"GE"	"GE-KA"
"GE"	"GE-KK"
"GE"	"GE-MM"
"GE"	"GE-RL"
"GE"	"GE-SJ"
"GE"	"GE-SK"
"GE"	"GE-SZ"
"GE"	"GE-TB"
"GH"	"GH-AA"
"GH"	"GH-AF"
"GH"	"GH-AH"
"GH"	"GH-BE"
"GH"	"GH-BO"
"GH"	"GH-CP"
"GH"	"GH-EP"
"GH"	"GH-NE"
"GH"	"GH-NP"
"GH"	"GH-OT"
"GH"	"GH-SV"
"GH"	"GH-TV"
"GH"	"GH-UE"
"GH"	"GH-UW"
"GH"	"GH-WN"
"GH"	"GH-WP"
"GL"	"GL-AV"
"GL"	"GL-KU"
"GL"	"GL-QE"
"GL"	"GL-QT"
"GL"	"GL-SM"
"GM"	"GM-B"
"GM"	"GM-L"
"GM"	"GM-M"
"GM"	"GM-N"
"GM"	"GM-U"
"GM"	"GM-W"
"GN"	"GN-B"
"GN"	"GN-BE"
"GN"	"GN-BF"
"GN"	"GN-BK"
"GN"	"GN-C"
"GN"	"GN-CO"
"GN"	"GN-D"
"GN"	"GN-DB"
"GN"	"GN-DI"
"GN"	"GN-DL"
"GN"	"GN-DU"
"GN"	"GN-F"
"GN"	"GN-FA"
"GN"	"GN-FO"
"GN"	"GN-FR"
"GN"	"GN-GA"
"GN"	"GN-GU"
"GN"	"GN-K"
"GN"	"GN-KA"
"GN"	"GN-KB"
"GN"	"GN-KD"
"GN"	"GN-KE"
"GN"	"GN-KN"
"GN"	"GN-KO"
"GN"	"GN-KS"
"GN"	"GN-L"
"GN"	"GN-LA"
"GN"	"GN-LE"
"GN"	"GN-LO"
"GN"	"GN-M"
"GN"	"GN-MC"
"GN"	"GN-MD"
"GN"	"GN-ML"
"GN"	"GN-MM"
"GN"	"GN-N"
"GN"	"GN-NZ"
"GN"	"GN-PI"
"GN"	"GN-SI"
"GN"	"GN-TE"
"GN"	"GN-TO"
"GN"	"GN-YO"
"GQ"	"GQ-AN"
"GQ"	"GQ-BN"
"GQ"	"GQ-BS"
"GQ"	"GQ-C"
"GQ"	"GQ-CS"
"GQ"	"GQ-DJ"
"GQ"	"GQ-I"
"GQ"	"GQ-KN"
"GQ"	"GQ-LI"
"GQ"	"GQ-WN"
"GR"	"GR-69"
"GR"	"GR-A"
"GR"	"GR-B"
"GR"	"GR-C"
"GR"	"GR-D"
"GR"	"GR-E"
"GR"	"GR-F"
"GR"	"GR-G"
"GR"	"GR-H"
"GR"	"GR-I"
"GR"	"GR-J"
"GR"	"GR-K"
"GR"	"GR-L"
"GR"	"GR-M"
"GT"	"GT-01"
"GT"	"GT-02"
"GT"	"GT-03"
"GT"	"GT-04"
"GT"	"GT-05"
"GT"	"GT-06"
"GT"	"GT-07"
"GT"	"GT-08"
"GT"	"GT-09"
"GT"	"GT-10"
"GT"	"GT-11"
"GT"	"GT-12"
"GT"	"GT-13"
"GT"	"GT-14"
"GT"	"GT-15"
"GT"	"GT-16"
"GT"	"GT-17"
"GT"	"GT-18"
"GT"	"GT-19"
"GT"	"GT-20"
"GT"	"GT-21"
"GT"	"GT-22"
"GW"	"GW-BA"
"GW"	"GW-BL"
"GW"	"GW-BM"
"GW"	"GW-BS"
"GW"	"GW-CA"
"GW"	"GW-GA"
"GW"	"GW-L"
"GW"	"GW-N"
"GW"	"GW-OI"
"GW"	"GW-QU"
"GW"	"GW-S"
"GW"	"GW-TO"
"GY"	"GY-BA"
"GY"	"GY-CU"
"GY"	"GY-DE"
"GY"	"GY-EB"
"GY"	"GY-ES"
"GY"	"GY-MA"
"GY"	"GY-PM"
"GY"	"GY-PT"
"GY"	"GY-UD"
"GY"	"GY-UT"
"HN"	"HN-AT"
"HN"	"HN-CH"
"HN"	"HN-CL"
"HN"	"HN-CM"
"HN"	"HN-CP"
"HN"	"HN-CR"
"HN"	"HN-EP"
"HN"	"HN-FM"
"HN"	"HN-GD"
"HN"	"HN-IB"
"HN"	"HN-IN"
"HN"	"HN-LE"
"HN"	"HN-LP"
"HN"	"HN-OC"
"HN"	"HN-OL"
"HN"	"HN-SB"
"HN"	"HN-VA"
"HN"	"HN-YO"
"HR"	"HR-01"
"HR"	"HR-02"
"HR"	"HR-03"
"HR"	"HR-04"
"HR"	"HR-05"
"HR"	"HR-06"
"HR"	"HR-07"
"HR"	"HR-08"
"HR"	"HR-09"
"HR"	"HR-10"
"HR"	"HR-11"
"HR"	"HR-12"
"HR"	"HR-13"
"HR"	"HR-14"
"HR"	"HR-15"
"HR"	"HR-16"
"HR"	"HR-17"
"HR"	"HR-18"
"HR"	"HR-19"
"HR"	"HR-20"
"HR"	"HR-21"
"HT"	"HT-AR"
"HT"	"HT-CE"
"HT"	"HT-GA"
"HT"	"HT-ND"
"HT"	"HT-NE"
"HT"	"HT-NI"
"HT"	"HT-NO"
"HT"	"HT-OU"
"HT"	"HT-SD"
"HT"	"HT-SE"
"HU"	"HU-BA"
"HU"	"HU-BC"
"HU"	"HU-BE"
"HU"	"HU-BK"
"HU"	"HU-BU"
"HU"	"HU-BZ"
"HU"	"HU-CS"
"HU"	"HU-DE"
"HU"	"HU-DU"
"HU"	"HU-EG"
"HU"	"HU-ER"
"HU"	"HU-FE"
"HU"	"HU-GS"
"HU"	"HU-GY"
"HU"	"HU-HB"
"HU"	"HU-HE"
"HU"	"HU-HV"
"HU"	"HU-JN"
"HU"	"HU-KE"
"HU"	"HU-KM"
"HU"	"HU-KV"
"HU"	"HU-MI"
"HU"	"HU-NK"
"HU"	"HU-NO"
"HU"	"HU-NY"
"HU"	"HU-PE"
"HU"	"HU-PS"
"HU"	"HU-SD"
"HU"	"HU-SF"
"HU"	"HU-SH"
"HU"	"HU-SK"
"HU"	"HU-SN"
"HU"	"HU-SO"
"HU"	"HU-SS"
"HU"	"HU-ST"
"HU"	"HU-SZ"
"HU"	"HU-TB"
"HU"	"HU-TO"
"HU"	"HU-VA"
"HU"	"HU-VE"
"HU"	"HU-VM"
"HU"	"HU-ZA"
"HU"	"HU-ZE"
"ID"	"ID-AC"
"ID"	"ID-BA"
"ID"	"ID-BB"
"ID"	"ID-BE"
"ID"	"ID-BT"
"ID"	"ID-GO"
"ID"	"ID-JA"
"ID"	"ID-JB"
"ID"	"ID-JI"
"ID"	"ID-JK"
"ID"	"ID-JT"
"ID"	"ID-JW"
"ID"	"ID-KA"
"ID"	"ID-KB"
"ID"	"ID-KI"
"ID"	"ID-KR"
"ID"	"ID-KS"
"ID"	"ID-KT"
"ID"	"ID-KU"
"ID"	"ID-LA"
"ID"	"ID-MA"
"ID"	"ID-ML"
"ID"	"ID-MU"
"ID"	"ID-NB"
"ID"	"ID-NT"
"ID"	"ID-NU"
"ID"	"ID-PA"
"ID"	"ID-PB"
"ID"	"ID-PD"
"ID"	"ID-PE"
"ID"	"ID-PP"
"ID"	"ID-PS"
"ID"	"ID-PT"
"ID"	"ID-RI"
"ID"	"ID-SA"
"ID"	"ID-SB"
"ID"	"ID-SG"
"ID"	"ID-SL"
"ID"	"ID-SM"
"ID"	"ID-SN"
"ID"	"ID-SR"
"ID"	"ID-SS"
"ID"	"ID-ST"
"ID"	"ID-SU"
"ID"	"ID-YO"
"IE"	"IE-C"
"IE"	"IE-CE"
"IE"	"IE-CN"
"IE"	"IE-CO"
"IE"	"IE-CW"
"IE"	"IE-D"
"IE"	"IE-DL"
"IE"	"IE-G"
"IE"	"IE-KE"
"IE"	"IE-KK"
"IE"	"IE-KY"
"IE"	"IE-L"
"IE"	"IE-LD"
"IE"	"IE-LH"
"IE"	"IE-LK"
"IE"	"IE-LM"
"IE"	"IE-LS"
"IE"	"IE-M"
"IE"	"IE-MH"
"IE"	"IE-MN"
"IE"	"IE-MO"
"IE"	"IE-OY"
"IE"	"IE-RN"
"IE"	"IE-SO"
"IE"	"IE-TA"
"IE"	"IE-U"
"IE"	"IE-WD"
"IE"	"IE-WH"
"IE"	"IE-WW"
"IE"	"IE-WX"
"IL"	"IL-D"
"IL"	"IL-HA"
"IL"	"IL-JM"
"IL"	"IL-M"
"IL"	"IL-TA"
"IL"	"IL-Z"
"IN"	"IN-AN"
"IN"	"IN-AP"
"IN"	"IN-AR"
"IN"	"IN-AS"
"IN"	"IN-BR"
"IN"	"IN-CG"
"IN"	"IN-CH"
"IN"	"IN-DH"
"IN"	"IN-DL"
"IN"	"IN-GA"
"IN"	"IN-GJ"
"IN"	"IN-HP"
"IN"	"IN-HR"
"IN"	"IN-JH"
"IN"	"IN-JK"
"IN"	"IN-KA"
"IN"	"IN-KL"
"IN"	"IN-LA"
"IN"	"IN-LD"
"IN"	"IN-MH"
"IN"	"IN-ML"
"IN"	"IN-MN"
"IN"	"IN-MP"
"IN"	"IN-MZ"
"IN"	"IN-NL"
"IN"	"IN-OD"
"IN"	"IN-PB"
"IN"	"IN-PY"
"IN"	"IN-RJ"
"IN"	"IN-SK"
"IN"	"IN-TN"
"IN"	"IN-TR"
"IN"	"IN-TS"
"IN"	"IN-UK"
"IN"	"IN-UP"
"IN"	"IN-WB"
"IQ"	"IQ-AN"
"IQ"	"IQ-AR"
"IQ"	"IQ-BA"
"IQ"	"IQ-BB"
"IQ"	"IQ-BG"
"IQ"	"IQ-DA"
"IQ"	"IQ-DI"
"IQ"	"IQ-DQ"
"IQ"	"IQ-KA"
"IQ"	"IQ-KI"
"IQ"	"IQ-KR"
"IQ"	"IQ-MA"
"IQ"	"IQ-MU"
"IQ"	"IQ-NA"
"IQ"	"IQ-NI"
"IQ"	"IQ-QA"
"IQ"	"IQ-SD"
"IQ"	"IQ-SU"
"IQ"	"IQ-WA"
"IR"	"IR-00"
"IR"	"IR-01"
"IR"	"IR-02"
"IR"	"IR-03"
"IR"	"IR-04"
"IR"	"IR-05"
"IR"	"IR-06"
"IR"	"IR-07"
"IR"	"IR-08"
"IR"	"IR-09"
"IR"	"IR-10"
"IR"	"IR-11"
"IR"	"IR-12"
"IR"	"IR-13"
"IR"	"IR-14"
"IR"	"IR-15"
"IR"	"IR-16"
"IR"	"IR-17"
"IR"	"IR-18"
"IR"	"IR-19"
"IR"	"IR-20"
"IR"	"IR-21"
"IR"	"IR-22"
"IR"	"IR-23"
"IR"	"IR-24"
"IR"	"IR-25"
"IR"	"IR-26"
"IR"	"IR-27"
"IR"	"IR-28"
"IR"	"IR-29"
"IR"	"IR-30"
"IS"	"IS-1"
"IS"	"IS-2"
"IS"	"IS-3"
"IS"	"IS-4"
"IS"	"IS-5"
"IS"	"IS-6"
"IS"	"IS-7"
"IS"	"IS-8"
"IS"	"IS-AKN"
"IS"	"IS-AKU"
"IS"	"IS-ARN"
"IS"	"IS-ASA"
"IS"	"IS-BLA"
"IS"	"IS-BOG"
"IS"	"IS-BOL"
"IS"	"IS-DAB"
"IS"	"IS-DAV"
"IS"	"IS-EOM"
"IS"	"IS-EYF"
"IS"	"IS-FJD"
"IS"	"IS-FJL"
"IS"	"IS-FLA"
"IS"	"IS-FLR"
"IS"	"IS-GAR"
"IS"	"IS-GOG"
"IS"	"IS-GRN"
"IS"	"IS-GRU"
"IS"	"IS-GRY"
"IS"	"IS-HAF"
"IS"	"IS-HRG"
"IS"	"IS-HRU"
"IS"	"IS-HUG"
"IS"	"IS-HUV"
"IS"	"IS-HVA"
"IS"	"IS-HVE"
"IS"	"IS-ISA"
"IS"	"IS-KAL"
"IS"	"IS-KJO"
"IS"	"IS-KOP"
"IS"	"IS-LAN"
"IS"	"IS-MOS"
"IS"	"IS-MUL"
"IS"	"IS-MYR"
"IS"	"IS-NOR"
"IS"	"IS-RGE"
"IS"	"IS-RGY"
"IS"	"IS-RHH"
"IS"	"IS-RKN"
"IS"	"IS-RKV"
"IS"	"IS-SBT"
"IS"	"IS-SDN"
"IS"	"IS-SDV"
"IS"	"IS-SEL"
"IS"	"IS-SFA"
"IS"	"IS-SHF"
"IS"	"IS-SKF"
"IS"	"IS-SKG"
"IS"	"IS-SKO"
"IS"	"IS-SKR"
"IS"	"IS-SNF"
"IS"	"IS-SOG"
"IS"	"IS-SOL"
"IS"	"IS-SSS"
"IS"	"IS-STR"
"IS"	"IS-STY"
"IS"	"IS-SVG"
"IS"	"IS-TAL"
"IS"	"IS-THG"
"IS"	"IS-TJO"
"IS"	"IS-VEM"
"IS"	"IS-VER"
"IS"	"IS-VOP"
"IT"	"IT-21"
"IT"	"IT-23"
"IT"	"IT-25"
"IT"	"IT-32"
"IT"	"IT-34"
"IT"	"IT-36"
"IT"	"IT-42"
"IT"	"IT-45"
"IT"	"IT-52"
"IT"	"IT-55"
"IT"	"IT-57"
"IT"	"IT-62"
"IT"	"IT-65"
"IT"	"IT-67"
"IT"	"IT-72"
"IT"	"IT-75"
"IT"	"IT-77"
"IT"	"IT-78"
"IT"	"IT-82"
"IT"	"IT-88"
"IT"	"IT-AG"
"IT"	"IT-AL"
"IT"	"IT-AN"
"IT"	"IT-AP"
"IT"	"IT-AQ"
"IT"	"IT-AR"
"IT"	"IT-AT"
"IT"	"IT-AV"
"IT"	"IT-BA"
"IT"	"IT-BG"
"IT"	"IT-BI"
"IT"	"IT-BL"
"IT"	"IT-BN"
"IT"	"IT-BO"
"IT"	"IT-BR"
"IT"	"IT-BS"
"IT"	"IT-BT"
"IT"	"IT-BZ"
"IT"	"IT-CA"
"IT"	"IT-CB"
"IT"	"IT-CE"
"IT"	"IT-CH"
"IT"	"IT-CL"
"IT"	"IT-CN"
"IT"	"IT-CO"
"IT"	"IT-CR"
"IT"	"IT-CS"
"IT"	"IT-CT"
"IT"	"IT-CZ"
"IT"	"IT-EN"
"IT"	"IT-FC"
"IT"	"IT-FE"
"IT"	"IT-FG"
"IT"	"IT-FI"
"IT"	"IT-FM"
"IT"	"IT-FR"
"IT"	"IT-GE"
"IT"	"IT-GO"
"IT"	"IT-GR"
"IT"	"IT-IM"
"IT"	"IT-IS"
"IT"	"IT-KR"
"IT"	"IT-LC"
"IT"	"IT-LE"
"IT"	"IT-LI"
"IT"	"IT-LO"
"IT"	"IT-LT"
"IT"	"IT-LU"
"IT"	"IT-MB"
"IT"	"IT-MC"
"IT"	"IT-ME"
"IT"	"IT-MI"
"IT"	"IT-MN"
"IT"	"IT-MO"
"IT"	"IT-MS"
"IT"	"IT-MT"
"IT"	"IT-NA"
"IT"	"IT-NO"
"IT"	"IT-NU"
"IT"	"IT-OR"
"IT"	"IT-PA"
"IT"	"IT-PC"
"IT"	"IT-PD"
"IT"	"IT-PE"
"IT"	"IT-PG"
"IT"	"IT-PI"
"IT"	"IT-PN"
"IT"	"IT-PO"
"IT"	"IT-PR"
"IT"	"IT-PT"
"IT"	"IT-PU"
"IT"	"IT-PV"
"IT"	"IT-PZ"
"IT"	"IT-RA"
"IT"	"IT-RC"
"IT"	"IT-RE"
"IT"	"IT-RG"
"IT"	"IT-RI"
"IT"	"IT-RM"
"IT"	"IT-RN"
"IT"	"IT-RO"
"IT"	"IT-SA"
"IT"	"IT-SI"
"IT"	"IT-SO"
"IT"	"IT-SP"
"IT"	"IT-SR"
"IT"	"IT-SS"
"IT"	"IT-SU"
"IT"	"IT-SV"
"IT"	"IT-TA"
"IT"	"IT-TE"
"IT"	"IT-TN"
"IT"	"IT-TO"
"IT"	"IT-TP"
"IT"	"IT-TR"
"IT"	"IT-TS"
"IT"	"IT-TV"
"IT"	"IT-UD"
"IT"	"IT-VA"
"IT"	"IT-VB"
"IT"	"IT-VC"
"IT"	"IT-VE"
"IT"	"IT-VI"
"IT"	"IT-VR"
"IT"	"IT-VT"
"IT"	"IT-VV"
"JM"	"JM-01"
"JM"	"JM-02"
"JM"	"JM-03"
"JM"	"JM-04"
"JM"	"JM-05"
"JM"	"JM-06"
"JM"	"JM-07"
"JM"	"JM-08"
"JM"	"JM-09"
"JM"	"JM-10"
"JM"	"JM-11"
"JM"	"JM-12"
"JM"	"JM-13"
"JM"	"JM-14"
"JO"	"JO-AJ"
"JO"	"JO-AM"
"JO"	"JO-AQ"
"JO"	"JO-AT"
"JO"	"JO-AZ"
"JO"	"JO-BA"
"JO"	"JO-IR"
"JO"	"JO-JA"
"JO"	"JO-KA"
"JO"	"JO-MA"
"JO"	"JO-MD"
"JO"	"JO-MN"
"JP"	"JP-01"
"JP"	"JP-02"
"JP"	"JP-03"
"JP"	"JP-04"
"JP"	"JP-05"
"JP"	"JP-06"
"JP"	"JP-07"
"JP"	"JP-08"
"JP"	"JP-09"
"JP"	"JP-10"
"JP"	"JP-11"
"JP"	"JP-12"
"JP"	"JP-13"
"JP"	"JP-14"
"JP"	"JP-15"
"JP"	"JP-16"
"JP"	"JP-17"
"JP"	"JP-18"
"JP"	"JP-19"
"JP"	"JP-20"
"JP"	"JP-21"
"JP"	"JP-22"
"JP"	"JP-23"
"JP"	"JP-24"
"JP"	"JP-25"
"JP"	"JP-26"
"JP"	"JP-27"
"JP"	"JP-28"
"JP"	"JP-29"
"JP"	"JP-30"
"JP"	"JP-31"
"JP"	"JP-32"
"JP"	"JP-33"
"JP"	"JP-34"
"JP"	"JP-35"
"JP"	"JP-36"
"JP"	"JP-37"
"JP"	"JP-38"
"JP"	"JP-39"
"JP"	"JP-40"
"JP"	"JP-41"
"JP"	"JP-42"
"JP"	"JP-43"
"JP"	"JP-44"
"JP"	"JP-45"
"JP"	"JP-46"
"JP"	"JP-47"
"KE"	"KE-01"
"KE"	"KE-02"
"KE"	"KE-03"
"KE"	"KE-04"
"KE"	"KE-05"
"KE"	"KE-06"
"KE"	"KE-07"
"KE"	"KE-08"
"KE"	"KE-09"
"KE"	"KE-10"
"KE"	"KE-11"
"KE"	"KE-12"
"KE"	"KE-13"
"KE"	"KE-14"
"KE"	"KE-15"
"KE"	"KE-16"
"KE"	"KE-17"
"KE"	"KE-18"
"KE"	"KE-19"
"KE"	"KE-20"
"KE"	"KE-21"
"KE"	"KE-22"
"KE"	"KE-23"
"KE"	"KE-24"
"KE"	"KE-25"
"KE"	"KE-26"
"KE"	"KE-27"
"KE"	"KE-28"
"KE"	"KE-29"
"KE"	"KE-30"
"KE"	"KE-31"
"KE"	"KE-32"
"KE"	"KE-33"
"KE"	"KE-34"
"KE"	"KE-35"
"KE"	"KE-36"
"KE"	"KE-37"
"KE"	"KE-38"
"KE"	"KE-39"
"KE"	"KE-40"
"KE"	"KE-41"
"KE"	"KE-42"
"KE"	"KE-43"
"KE"	"KE-44"
"KE"	"KE-45"
"KE"	"KE-46"
"KE"	"KE-47"
"KG"	"KG-B"
"KG"	"KG-C"
"KG"	"KG-GB"
"KG"	"KG-GO"
"KG"	"KG-J"
"KG"	"KG-N"
"KG"	"KG-O"
"KG"	"KG-T"
"KG"	"KG-Y"
"KH"	"KH-1"
"KH"	"KH-10"
"KH"	"KH-11"
"KH"	"KH-12"
"KH"	"KH-13"
"KH"	"KH-14"
"KH"	"KH-15"
"KH"	"KH-16"
"KH"	"KH-17"
"KH"	"KH-18"
"KH"	"KH-19"
"KH"	"KH-2"
"KH"	"KH-20"
"KH"	"KH-21"
"KH"	"KH-22"
"KH"	"KH-23"
"KH"	"KH-24"
"KH"	"KH-25"
"KH"	"KH-3"
"KH"	"KH-4"
"KH"	"KH-5"
"KH"	"KH-6"
"KH"	"KH-7"
"KH"	"KH-8"
"KH"	"KH-9"
"KI"	"KI-G"
"KI"	"KI-L"
"KI"	"KI-P"
"KM"	"KM-A"
"KM"	"KM-G"
"KM"	"KM-M"
"KN"	"KN-01"
"KN"	"KN-02"
"KN"	"KN-03"
"KN"	"KN-04"
"KN"	"KN-05"
"KN"	"KN-06"
"KN"	"KN-07"
"KN"	"KN-08"
"KN"	"KN-09"
"KN"	"KN-10"
"KN"	"KN-11"
"KN"	"KN-12"
"KN"	"KN-13"
"KN"	"KN-15"
"KN"	"KN-K"
"KN"	"KN-N"
"KP"	"KP-01"
"KP"	"KP-02"
"KP"	"KP-03"
"KP"	"KP-04"
"KP"	"KP-05"
"KP"	"KP-06"
"KP"	"KP-07"
"KP"	"KP-08"
"KP"	"KP-09"
"KP"	"KP-10"
"KP"	"KP-13"
"KP"	"KP-14"
"KP"	"KP-15"
"KR"	"KR-11"
"KR"	"KR-26"
"KR"	"KR-27"
"KR"	"KR-28"
"KR"	"KR-29"
"KR"	"KR-30"
"KR"	"KR-31"
"KR"	"KR-41"
"KR"	"KR-42"
"KR"	"KR-43"
"KR"	"KR-44"
"KR"	"KR-45"
"KR"	"KR-46"
"KR"	"KR-47"
"KR"	"KR-48"
"KR"	"KR-49"
"KR"	"KR-50"
"KW"	"KW-AH"
"KW"	"KW-FA"
"KW"	"KW-HA"
"KW"	"KW-JA"
"KW"	"KW-KU"
"KW"	"KW-MU"
"KZ"	"KZ-10"
"KZ"	"KZ-11"
"KZ"	"KZ-15"
"KZ"	"KZ-19"
"KZ"	"KZ-23"
"KZ"	"KZ-27"
"KZ"	"KZ-31"
"KZ"	"KZ-33"
"KZ"	"KZ-35"
"KZ"	"KZ-39"
"KZ"	"KZ-43"
"KZ"	"KZ-47"
"KZ"	"KZ-55"
"KZ"	"KZ-59"
"KZ"	"KZ-61"
"KZ"	"KZ-62"
"KZ"	"KZ-63"
"KZ"	"KZ-71"
"KZ"	"KZ-75"
"KZ"	"KZ-79"
"LA"	"LA-AT"
"LA"	"LA-BK"
"LA"	"LA-BL"
"LA"	"LA-CH"
"LA"	"LA-HO"
"LA"	"LA-KH"
"LA"	"LA-LM"
"LA"	"LA-LP"
"LA"	"LA-OU"
"LA"	"LA-PH"
"LA"	"LA-SL"
"LA"	"LA-SV"
"LA"	"LA-VI"
"LA"	"LA-VT"
"LA"	"LA-XA"
"LA"	"LA-XE"
"LA"	"LA-XI"
"LA"	"LA-XS"
"LB"	"LB-AK"
"LB"	"LB-AS"
"LB"	"LB-BA"
"LB"	"LB-BH"
"LB"	"LB-BI"
"LB"	"LB-JA"
"LB"	"LB-JL"
"LB"	"LB-NA"
"LC"	"LC-01"
"LC"	"LC-02"
"LC"	"LC-03"
"LC"	"LC-05"
"LC"	"LC-06"
"LC"	"LC-07"
"LC"	"LC-08"
"LC"	"LC-10"
"LC"	"LC-11"
"LC"	"LC-12"
"LI"	"LI-01"
"LI"	"LI-02"
"LI"	"LI-03"
"LI"	"LI-04"
"LI"	"LI-05"
"LI"	"LI-06"
"LI"	"LI-07"
"LI"	"LI-08"
"LI"	"LI-09"
"LI"	"LI-10"
"LI"	"LI-11"
"LK"	"LK-1"
"LK"	"LK-11"
"LK"	"LK-12"
"LK"	"LK-13"
"LK"	"LK-2"
"LK"	"LK-21"
"LK"	"LK-22"
"LK"	"LK-23"
"LK"	"LK-3"
"LK"	"LK-31"
"LK"	"LK-32"
"LK"	"LK-33"
"LK"	"LK-4"
"LK"	"LK-41"
"LK"	"LK-42"
"LK"	"LK-43"
"LK"	"LK-44"
"LK"	"LK-45"
"LK"	"LK-5"
"LK"	"LK-51"
"LK"	"LK-52"
"LK"	"LK-53"
"LK"	"LK-6"
"LK"	"LK-61"
"LK"	"LK-62"
"LK"	"LK-7"
"LK"	"LK-71"
"LK"	"LK-72"
"LK"	"LK-8"
"LK"	"LK-81"
"LK"	"LK-82"
"LK"	"LK-9"
"LK"	"LK-91"
"LK"	"LK-92"
"LR"	"LR-BG"
"LR"	"LR-BM"
"LR"	"LR-CM"
"LR"	"LR-GB"
"LR"	"LR-GG"
"LR"	"LR-GK"
"LR"	"LR-GP"
"LR"	"LR-LO"
"LR"	"LR-MG"
"LR"	"LR-MO"
"LR"	"LR-MY"
"LR"	"LR-NI"
"LR"	"LR-RG"
"LR"	"LR-RI"
"LR"	"LR-SI"
"LS"	"LS-A"
"LS"	"LS-B"
"LS"	"LS-C"
"LS"	"LS-D"
"LS"	"LS-E"
"LS"	"LS-F"
"LS"	"LS-G"
"LS"	"LS-H"
"LS"	"LS-J"
"LS"	"LS-K"
"LT"	"LT-01"
"LT"	"LT-02"
"LT"	"LT-03"
"LT"	"LT-04"
"LT"	"LT-05"
"LT"	"LT-06"
"LT"	"LT-07"
"LT"	"LT-08"
"LT"	"LT-09"
"LT"	"LT-10"
"LT"	"LT-11"
"LT"	"LT-12"
"LT"	"LT-13"
"LT"	"LT-14"
"LT"	"LT-15"
"LT"	"LT-16"
"LT"	"LT-17"
"LT"	"LT-18"
"LT"	"LT-19"
"LT"	"LT-20"
"LT"	"LT-21"
"LT"	"LT-22"
"LT"	"LT-23"
"LT"	"LT-24"
"LT"	"LT-25"
"LT"	"LT-26"
"LT"	"LT-27"
"LT"	"LT-28"
"LT"	"LT-29"
"LT"	"LT-30"
"LT"	"LT-31"
"LT"	"LT-32"
"LT"	"LT-33"
"LT"	"LT-34"
"LT"	"LT-35"
"LT"	"LT-36"
"LT"	"LT-37"
"LT"	"LT-38"
"LT"	"LT-39"
"LT"	"LT-40"
"LT"	"LT-41"
"LT"	"LT-42"
"LT"	"LT-43"
"LT"	"LT-44"
"LT"	"LT-45"
"LT"	"LT-46"
"LT"	"LT-47"
"LT"	"LT-48"
"LT"	"LT-49"
"LT"	"LT-50"
"LT"	"LT-51"
"LT"	"LT-52"
"LT"	"LT-53"
"LT"	"LT-54"
"LT"	"LT-55"
"LT"	"LT-56"
"LT"	"LT-57"
"LT"	"LT-58"
"LT"	"LT-59"
"LT"	"LT-60"
"LT"	"LT-AL"
"LT"	"LT-KL"
"LT"	"LT-KU"
"LT"	"LT-MR"
"LT"	"LT-PN"
"LT"	"LT-SA"
"LT"	"LT-TA"
"LT"	"LT-TE"
"LT"	"LT-UT"
"LT"	"LT-VL"
"LU"	"LU-CA"
"LU"	"LU-CL"
"LU"	"LU-DI"
"LU"	"LU-EC"
"LU"	"LU-ES"
"LU"	"LU-GR"
"LU"	"LU-LU"
"LU"	"LU-ME"
"LU"	"LU-RD"
"LU"	"LU-RM"
"LU"	"LU-VD"
"LU"	"LU-WI"
"LV"	"LV-002"
"LV"	"LV-007"
"LV"	"LV-011"
"LV"	"LV-015"
"LV"	"LV-016"
"LV"	"LV-022"
"LV"	"LV-026"
"LV"	"LV-033"
"LV"	"LV-041"
"LV"	"LV-042"
"LV"	"LV-047"
"LV"	"LV-050"
"LV"	"LV-052"
"LV"	"LV-054"
"LV"	"LV-056"
"LV"	"LV-058"
"LV"	"LV-059"
"LV"	"LV-062"
"LV"	"LV-067"
"LV"	"LV-068"
"LV"	"LV-073"
"LV"	"LV-077"
"LV"	"LV-080"
"LV"	"LV-087"
"LV"	"LV-088"
"LV"	"LV-089"
"LV"	"LV-091"
"LV"	"LV-094"
"LV"	"LV-097"
"LV"	"LV-099"
"LV"	"LV-101"
"LV"	"LV-102"
"LV"	"LV-106"
"LV"	"LV-111"
"LV"	"LV-112"
"LV"	"LV-113"
"LV"	"LV-DGV"
"LV"	"LV-JEL"
"LV"	"LV-JUR"
"LV"	"LV-LPX"
"LV"	"LV-REZ"
"LV"	"LV-RIX"
"LV"	"LV-VEN"
"LY"	"LY-BA"
"LY"	"LY-BU"
"LY"	"LY-DR"
"LY"	"LY-GT"
"LY"	"LY-JA"
"LY"	"LY-JG"
"LY"	"LY-JI"
"LY"	"LY-JU"
"LY"	"LY-KF"
"LY"	"LY-MB"
"LY"	"LY-MI"
"LY"	"LY-MJ"
"LY"	"LY-MQ"
"LY"	"LY-NL"
"LY"	"LY-NQ"
"LY"	"LY-SB"
"LY"	"LY-SR"
"LY"	"LY-TB"
"LY"	"LY-WA"
"LY"	"LY-WD"
"LY"	"LY-WS"
"LY"	"LY-ZA"
"MA"	"MA-01"
"MA"	"MA-02"
"MA"	"MA-03"
"MA"	"MA-04"
"MA"	"MA-05"
"MA"	"MA-06"
"MA"	"MA-07"
"MA"	"MA-08"
"MA"	"MA-09"
"MA"	"MA-10"
"MA"	"MA-11"
"MA"	"MA-12"
"MA"	"MA-AGD"
"MA"	"MA-AOU"
"MA"	"MA-ASZ"
"MA"	"MA-AZI"
"MA"	"MA-BEM"
"MA"	"MA-BER"
"MA"	"MA-BES"
"MA"	"MA-BOD"
"MA"	"MA-BOM"
"MA"	"MA-BRR"
"MA"	"MA-CAS"
"MA"	"MA-CHE"
"MA"	"MA-CHI"
"MA"	"MA-CHT"
"MA"	"MA-DRI"
"MA"	"MA-ERR"
"MA"	"MA-ESI"
"MA"	"MA-ESM"
"MA"	"MA-FAH"
"MA"	"MA-FES"
"MA"	"MA-FIG"
"MA"	"MA-FQH"
"MA"	"MA-GUE"
"MA"	"MA-GUF"
"MA"	"MA-HAJ"
"MA"	"MA-HAO"
"MA"	"MA-HOC"
"MA"	"MA-IFR"
"MA"	"MA-INE"
"MA"	"MA-JDI"
"MA"	"MA-JRA"
"MA"	"MA-KEN"
"MA"	"MA-KES"
"MA"	"MA-KHE"
"MA"	"MA-KHN"
"MA"	"MA-KHO"
"MA"	"MA-LAA"
"MA"	"MA-LAR"
"MA"	"MA-MAR"
"MA"	"MA-MDF"
"MA"	"MA-MED"
"MA"	"MA-MEK"
"MA"	"MA-MID"
"MA"	"MA-MOH"
"MA"	"MA-MOU"
"MA"	"MA-NAD"
"MA"	"MA-NOU"
"MA"	"MA-OUA"
"MA"	"MA-OUD"
"MA"	"MA-OUJ"
"MA"	"MA-OUZ"
"MA"	"MA-RAB"
"MA"	"MA-REH"
"MA"	"MA-SAF"
"MA"	"MA-SAL"
"MA"	"MA-SEF"
"MA"	"MA-SET"
"MA"	"MA-SIB"
"MA"	"MA-SIF"
"MA"	"MA-SIK"
"MA"	"MA-SIL"
"MA"	"MA-SKH"
"MA"	"MA-TAF"
"MA"	"MA-TAI"
"MA"	"MA-TAO"
"MA"	"MA-TAR"
"MA"	"MA-TAT"
"MA"	"MA-TAZ"
"MA"	"MA-TET"
"MA"	"MA-TIN"
"MA"	"MA-TIZ"
"MA"	"MA-TNG"
"MA"	"MA-TNT"
"MA"	"MA-YUS"
"MA"	"MA-ZAG"
"MC"	"MC-CL"
"MC"	"MC-CO"
"MC"	"MC-FO"
"MC"	"MC-GA"
"MC"	"MC-JE"
"MC"	"MC-LA"
"MC"	"MC-MA"
"MC"	"MC-MC"
"MC"	"MC-MG"
"MC"	"MC-MO"
"MC"	"MC-MU"
"MC"	"MC-PH"
"MC"	"MC-SD"
"MC"	"MC-SO"
"MC"	"MC-SP"
"MC"	"MC-SR"
"MC"	"MC-VR"
"MD"	"MD-AN"
"MD"	"MD-BA"
"MD"	"MD-BD"
"MD"	"MD-BR"
"MD"	"MD-BS"
"MD"	"MD-CA"
"MD"	"MD-CL"
"MD"	"MD-CM"
"MD"	"MD-CR"
"MD"	"MD-CS"
"MD"	"MD-CT"
"MD"	"MD-CU"
"MD"	"MD-DO"
"MD"	"MD-DR"
"MD"	"MD-DU"
"MD"	"MD-ED"
"MD"	"MD-FA"
"MD"	"MD-FL"
"MD"	"MD-GA"
"MD"	"MD-GL"
"MD"	"MD-HI"
"MD"	"MD-IA"
"MD"	"MD-LE"
"MD"	"MD-NI"
"MD"	"MD-OC"
"MD"	"MD-OR"
"MD"	"MD-RE"
"MD"	"MD-RI"
"MD"	"MD-SD"
"MD"	"MD-SI"
"MD"	"MD-SN"
"MD"	"MD-SO"
"MD"	"MD-ST"
"MD"	"MD-SV"
"MD"	"MD-TA"
"MD"	"MD-TE"
"MD"	"MD-UN"
"ME"	"ME-01"
"ME"	"ME-02"
"ME"	"ME-03"
"ME"	"ME-04"
"ME"	"ME-05"
"ME"	"ME-06"
"ME"	"ME-07"
"ME"	"ME-08"
"ME"	"ME-09"
"ME"	"ME-10"
"ME"	"ME-11"
"ME"	"ME-12"
"ME"	"ME-13"
"ME"	"ME-14"
"ME"	"ME-15"
"ME"	"ME-16"
"ME"	"ME-17"
"ME"	"ME-18"
"ME"	"ME-19"
"ME"	"ME-20"
"ME"	"ME-21"
"ME"	"ME-22"
"ME"	"ME-23"
"ME"	"ME-24"
"ME"	"ME-25"
"MG"	"MG-A"
"MG"	"MG-D"
"MG"	"MG-F"
"MG"	"MG-M"
"MG"	"MG-T"
"MG"	"MG-U"
"MH"	"MH-ALK"
"MH"	"MH-ALL"
"MH"	"MH-ARN"
"MH"	"MH-AUR"
"MH"	"MH-EBO"
"MH"	"MH-ENI"
"MH"	"MH-JAB"
"MH"	"MH-JAL"
"MH"	"MH-KIL"
"MH"	"MH-KWA"
"MH"	"MH-L"
"MH"	"MH-LAE"
"MH"	"MH-LIB"
"MH"	"MH-LIK"
"MH"	"MH-MAJ"
"MH"	"MH-MAL"
"MH"	"MH-MEJ"
"MH"	"MH-MIL"
"MH"	"MH-NMK"
"MH"	"MH-NMU"
"MH"	"MH-RON"
"MH"	"MH-T"
"MH"	"MH-UJA"
"MH"	"MH-UTI"
"MH"	"MH-WTH"
"MH"	"MH-WTJ"
"MK"	"MK-101"
"MK"	"MK-102"
"MK"	"MK-103"
"MK"	"MK-104"
"MK"	"MK-105"
"MK"	"MK-106"
"MK"	"MK-107"
"MK"	"MK-108"
"MK"	"MK-109"
"MK"	"MK-201"
"MK"	"MK-202"
"MK"	"MK-203"
"MK"	"MK-204"
"MK"	"MK-205"
"MK"	"MK-206"
"MK"	"MK-207"
"MK"	"MK-208"
"MK"	"MK-209"
"MK"	"MK-210"
"MK"	"MK-211"
"MK"	"MK-301"
"MK"	"MK-303"
"MK"	"MK-304"
"MK"	"MK-307"
"MK"	"MK-308"
"MK"	"MK-310"
"MK"	"MK-311"
"MK"	"MK-312"
"MK"	"MK-313"
"MK"	"MK-401"
"MK"	"MK-402"
"MK"	"MK-403"
"MK"	"MK-404"
"MK"	"MK-405"
"MK"	"MK-406"
"MK"	"MK-407"
"MK"	"MK-408"
"MK"	"MK-409"
"MK"	"MK-410"
"MK"	"MK-501"
"MK"	"MK-502"
"MK"	"MK-503"
"MK"	"MK-504"
"MK"	"MK-505"
"MK"	"MK-506"
"MK"	"MK-507"
"MK"	"MK-508"
"MK"	"MK-509"
"MK"	"MK-601"
"MK"	"MK-602"
"MK"	"MK-603"
"MK"	"MK-604"
"MK"	"MK-605"
"MK"	"MK-606"
"MK"	"MK-607"
"MK"	"MK-608"
"MK"	"MK-609"
"MK"	"MK-701"
"MK"	"MK-702"
"MK"	"MK-703"
"MK"	"MK-704"
"MK"	"MK-705"
"MK"	"MK-706"
"MK"	"MK-801"
"MK"	"MK-802"
"MK"	"MK-803"
"MK"	"MK-804"
"MK"	"MK-805"
"MK"	"MK-806"
"MK"	"MK-807"
"MK"	"MK-808"
"MK"	"MK-809"
"MK"	"MK-810"
"MK"	"MK-811"
"MK"	"MK-812"
"MK"	"MK-813"
"MK"	"MK-814"
"MK"	"MK-815"
"MK"	"MK-816"
"MK"	"MK-817"
"ML"	"ML-1"
"ML"	"ML-10"
"ML"	"ML-2"
"ML"	"ML-3"
"ML"	"ML-4"
"ML"	"ML-5"
"ML"	"ML-6"
"ML"	"ML-7"
"ML"	"ML-8"
"ML"	"ML-9"
"ML"	"ML-BKO"
"MM"	"MM-01"
"MM"	"MM-02"
"MM"	"MM-03"
"MM"	"MM-04"
"MM"	"MM-05"
"MM"	"MM-06"
"MM"	"MM-07"
"MM"	"MM-11"
"MM"	"MM-12"
"MM"	"MM-13"
"MM"	"MM-14"
"MM"	"MM-15"
"MM"	"MM-16"
"MM"	"MM-17"
"MM"	"MM-18"
"MN"	"MN-035"
"MN"	"MN-037"
"MN"	"MN-039"
"MN"	"MN-041"
"MN"	"MN-043"
"MN"	"MN-046"
"MN"	"MN-047"
"MN"	"MN-049"
"MN"	"MN-051"
"MN"	"MN-053"
"MN"	"MN-055"
"MN"	"MN-057"
"MN"	"MN-059"
"MN"	"MN-061"
"MN"	"MN-063"
"MN"	"MN-064"
"MN"	"MN-065"
"MN"	"MN-067"
"MN"	"MN-069"
"MN"	"MN-071"
"MN"	"MN-073"
"MN"	"MN-1"
"MR"	"MR-01"
"MR"	"MR-02"
"MR"	"MR-03"
"MR"	"MR-04"
"MR"	"MR-05"
"MR"	"MR-06"
"MR"	"MR-07"
"MR"	"MR-08"
"MR"	"MR-09"
"MR"	"MR-10"
"MR"	"MR-11"
"MR"	"MR-12"
"MR"	"MR-13"
"MR"	"MR-14"
"MR"	"MR-15"
"MT"	"MT-01"
"MT"	"MT-02"
"MT"	"MT-03"
"MT"	"MT-04"
"MT"	"MT-05"
"MT"	"MT-06"
"MT"	"MT-07"
"MT"	"MT-08"
"MT"	"MT-09"
"MT"	"MT-10"
"MT"	"MT-11"
"MT"	"MT-12"
"MT"	"MT-13"
"MT"	"MT-14"
"MT"	"MT-15"
"MT"	"MT-16"
"MT"	"MT-17"
"MT"	"MT-18"
"MT"	"MT-19"
"MT"	"MT-20"
"MT"	"MT-21"
"MT"	"MT-22"
"MT"	"MT-23"
"MT"	"MT-24"
"MT"	"MT-25"
"MT"	"MT-26"
"MT"	"MT-27"
"MT"	"MT-28"
"MT"	"MT-29"
"MT"	"MT-30"
"MT"	"MT-31"
"MT"	"MT-32"
"MT"	"MT-33"
"MT"	"MT-34"
"MT"	"MT-35"
"MT"	"MT-36"
"MT"	"MT-37"
"MT"	"MT-38"
"MT"	"MT-39"
"MT"	"MT-40"
"MT"	"MT-41"
"MT"	"MT-42"
"MT"	"MT-43"
"MT"	"MT-44"
"MT"	"MT-45"
"MT"	"MT-46"
"MT"	"MT-47"
"MT"	"MT-48"
"MT"	"MT-49"
"MT"	"MT-50"
"MT"	"MT-51"
"MT"	"MT-52"
"MT"	"MT-53"
"MT"	"MT-54"
"MT"	"MT-55"
"MT"	"MT-56"
"MT"	"MT-57"
"MT"	"MT-58"
"MT"	"MT-59"
"MT"	"MT-60"
"MT"	"MT-61"
"MT"	"MT-62"
"MT"	"MT-63"
"MT"	"MT-64"
"MT"	"MT-65"
"MT"	"MT-66"
"MT"	"MT-67"
"MT"	"MT-68"
"MU"	"MU-AG"
"MU"	"MU-BL"
"MU"	"MU-CC"
"MU"	"MU-FL"
"MU"	"MU-GP"
"MU"	"MU-MO"
"MU"	"MU-PA"
"MU"	"MU-PL"
"MU"	"MU-PW"
"MU"	"MU-RO"
"MU"	"MU-RR"
"MU"	"MU-SA"
"MV"	"MV-00"
"MV"	"MV-01"
"MV"	"MV-02"
"MV"	"MV-03"
"MV"	"MV-04"
"MV"	"MV-05"
"MV"	"MV-07"
"MV"	"MV-08"
"MV"	"MV-12"
"MV"	"MV-13"
"MV"	"MV-14"
"MV"	"MV-17"
"MV"	"MV-20"
"MV"	"MV-23"
"MV"	"MV-24"
"MV"	"MV-25"
"MV"	"MV-26"
"MV"	"MV-27"
"MV"	"MV-28"
"MV"	"MV-29"
"MV"	"MV-MLE"
"MW"	"MW-BA"
"MW"	"MW-BL"
"MW"	"MW-C"
"MW"	"MW-CK"
"MW"	"MW-CR"
"MW"	"MW-CT"
"MW"	"MW-DE"
"MW"	"MW-DO"
"MW"	"MW-KR"
"MW"	"MW-KS"
"MW"	"MW-LI"
"MW"	"MW-LK"
"MW"	"MW-MC"
"MW"	"MW-MG"
"MW"	"MW-MH"
"MW"	"MW-MU"
"MW"	"MW-MW"
"MW"	"MW-MZ"
"MW"	"MW-N"
"MW"	"MW-NB"
"MW"	"MW-NE"
"MW"	"MW-NI"
"MW"	"MW-NK"
"MW"	"MW-NS"
"MW"	"MW-NU"
"MW"	"MW-PH"
"MW"	"MW-RU"
"MW"	"MW-S"
"MW"	"MW-SA"
"MW"	"MW-TH"
"MW"	"MW-ZO"
"MX"	"MX-AGU"
"MX"	"MX-BCN"
"MX"	"MX-BCS"
"MX"	"MX-CAM"
"MX"	"MX-CHH"
"MX"	"MX-CHP"
"MX"	"MX-CMX"
"MX"	"MX-COA"
"MX"	"MX-COL"
"MX"	"MX-DUR"
"MX"	"MX-GRO"
"MX"	"MX-GUA"
"MX"	"MX-HID"
"MX"	"MX-JAL"
"MX"	"MX-MEX"
"MX"	"MX-MIC"
"MX"	"MX-MOR"
"MX"	"MX-NAY"
"MX"	"MX-NLE"
"MX"	"MX-OAX"
"MX"	"MX-PUE"
"MX"	"MX-QUE"
"MX"	"MX-ROO"
"MX"	"MX-SIN"
"MX"	"MX-SLP"
"MX"	"MX-SON"
"MX"	"MX-TAB"
"MX"	"MX-TAM"
"MX"	"MX-TLA"
"MX"	"MX-VER"
"MX"	"MX-YUC"
"MX"	"MX-ZAC"
"MY"	"MY-01"
"MY"	"MY-02"
"MY"	"MY-03"
"MY"	"MY-04"
"MY"	"MY-05"
"MY"	"MY-06"
"MY"	"MY-07"
"MY"	"MY-08"
"MY"	"MY-09"
"MY"	"MY-10"
"MY"	"MY-11"
"MY"	"MY-12"
"MY"	"MY-13"
"MY"	"MY-14"
"MY"	"MY-15"
"MY"	"MY-16"
"MZ"	"MZ-A"
"MZ"	"MZ-B"
"MZ"	"MZ-G"
"MZ"	"MZ-I"
"MZ"	"MZ-L"
"MZ"	"MZ-MPM"
"MZ"	"MZ-N"
"MZ"	"MZ-P"
"MZ"	"MZ-Q"
"MZ"	"MZ-S"
"MZ"	"MZ-T"
"NA"	"NA-CA"
"NA"	"NA-ER"
"NA"	"NA-HA"
"NA"	"NA-KA"
"NA"	"NA-KE"
"NA"	"NA-KH"
"NA"	"NA-KU"
"NA"	"NA-KW"
"NA"	"NA-OD"
"NA"	"NA-OH"
"NA"	"NA-ON"
"NA"	"NA-OS"
"NA"	"NA-OT"
"NA"	"NA-OW"
"NE"	"NE-1"
"NE"	"NE-2"
"NE"	"NE-3"
"NE"	"NE-4"
"NE"	"NE-5"
"NE"	"NE-6"
"NE"	"NE-7"
"NE"	"NE-8"
"NG"	"NG-AB"
"NG"	"NG-AD"
"NG"	"NG-AK"
"NG"	"NG-AN"
"NG"	"NG-BA"
"NG"	"NG-BE"
"NG"	"NG-BO"
"NG"	"NG-BY"
"NG"	"NG-CR"
"NG"	"NG-DE"
"NG"	"NG-EB"
"NG"	"NG-ED"
"NG"	"NG-EK"
"NG"	"NG-EN"
"NG"	"NG-FC"
"NG"	"NG-GO"
"NG"	"NG-IM"
"NG"	"NG-JI"
"NG"	"NG-KD"
"NG"	"NG-KE"
"NG"	"NG-KN"
"NG"	"NG-KO"
"NG"	"NG-KT"
"NG"	"NG-KW"
"NG"	"NG-LA"
"NG"	"NG-NA"
"NG"	"NG-NI"
"NG"	"NG-OG"
"NG"	"NG-ON"
"NG"	"NG-OS"
"NG"	"NG-OY"
"NG"	"NG-PL"
"NG"	"NG-RI"
"NG"	"NG-SO"
"NG"	"NG-TA"
"NG"	"NG-YO"
"NG"	"NG-ZA"
"NI"	"NI-AN"
"NI"	"NI-AS"
"NI"	"NI-BO"
"NI"	"NI-CA"
"NI"	"NI-CI"
"NI"	"NI-CO"
"NI"	"NI-ES"
"NI"	"NI-GR"
"NI"	"NI-JI"
"NI"	"NI-LE"
"NI"	"NI-MD"
"NI"	"NI-MN"
"NI"	"NI-MS"
"NI"	"NI-MT"
"NI"	"NI-NS"
"NI"	"NI-RI"
"NI"	"NI-SJ"
"NL"	"NL-AW"
"NL"	"NL-BQ1"
"NL"	"NL-BQ2"
"NL"	"NL-BQ3"
"NL"	"NL-CW"
"NL"	"NL-DR"
"NL"	"NL-FL"
"NL"	"NL-FR"
"NL"	"NL-GE"
"NL"	"NL-GR"
"NL"	"NL-LI"
"NL"	"NL-NB"
"NL"	"NL-NH"
"NL"	"NL-OV"
"NL"	"NL-SX"
"NL"	"NL-UT"
"NL"	"NL-ZE"
"NL"	"NL-ZH"
"NO"	"NO-03"
"NO"	"NO-11"
"NO"	"NO-15"
"NO"	"NO-18"
"NO"	"NO-21"
"NO"	"NO-22"
"NO"	"NO-30"
"NO"	"NO-34"
"NO"	"NO-38"
"NO"	"NO-42"
"NO"	"NO-46"
"NO"	"NO-50"
"NO"	"NO-54"
"NP"	"NP-P1"
"NP"	"NP-P2"
"NP"	"NP-P3"
"NP"	"NP-P4"
"NP"	"NP-P5"
"NP"	"NP-P6"
"NP"	"NP-P7"
"NR"	"NR-01"
"NR"	"NR-02"
"NR"	"NR-03"
"NR"	"NR-04"
"NR"	"NR-05"
"NR"	"NR-06"
"NR"	"NR-07"
"NR"	"NR-08"
"NR"	"NR-09"
"NR"	"NR-10"
"NR"	"NR-11"
"NR"	"NR-12"
"NR"	"NR-13"
"NR"	"NR-14"
"NZ"	"NZ-AUK"
"NZ"	"NZ-BOP"
"NZ"	"NZ-CAN"
"NZ"	"NZ-CIT"
"NZ"	"NZ-GIS"
"NZ"	"NZ-HKB"
"NZ"	"NZ-MBH"
"NZ"	"NZ-MWT"
"NZ"	"NZ-NSN"
"NZ"	"NZ-NTL"
"NZ"	"NZ-OTA"
"NZ"	"NZ-STL"
"NZ"	"NZ-TAS"
"NZ"	"NZ-TKI"
"NZ"	"NZ-WGN"
"NZ"	"NZ-WKO"
"NZ"	"NZ-WTC"
"OM"	"OM-BJ"
"OM"	"OM-BS"
"OM"	"OM-BU"
"OM"	"OM-DA"
"OM"	"OM-MA"
"OM"	"OM-MU"
"OM"	"OM-SJ"
"OM"	"OM-SS"
"OM"	"OM-WU"
"OM"	"OM-ZA"
"OM"	"OM-ZU"
"PA"	"PA-1"
"PA"	"PA-10"
"PA"	"PA-2"
"PA"	"PA-3"
"PA"	"PA-4"
"PA"	"PA-5"
"PA"	"PA-6"
"PA"	"PA-7"
"PA"	"PA-8"
"PA"	"PA-9"
"PA"	"PA-EM"
"PA"	"PA-KY"
"PA"	"PA-NB"
"PA"	"PA-NT"
"PE"	"PE-AMA"
"PE"	"PE-ANC"
"PE"	"PE-APU"
"PE"	"PE-ARE"
"PE"	"PE-AYA"
"PE"	"PE-CAJ"
"PE"	"PE-CAL"
"PE"	"PE-CUS"
"PE"	"PE-HUC"
"PE"	"PE-HUV"
"PE"	"PE-ICA"
"PE"	"PE-JUN"
"PE"	"PE-LAL"
"PE"	"PE-LAM"
"PE"	"PE-LIM"
"PE"	"PE-LMA"
"PE"	"PE-LOR"
"PE"	"PE-MDD"
"PE"	"PE-MOQ"
"PE"	"PE-PAS"
"PE"	"PE-PIU"
"PE"	"PE-PUN"
"PE"	"PE-SAM"
"PE"	"PE-TAC"
"PE"	"PE-TUM"
"PE"	"PE-UCA"
"PG"	"PG-CPK"
"PG"	"PG-CPM"
"PG"	"PG-EBR"
"PG"	"PG-EHG"
"PG"	"PG-EPW"
"PG"	"PG-ESW"
"PG"	"PG-GPK"
"PG"	"PG-HLA"
"PG"	"PG-JWK"
"PG"	"PG-MBA"
"PG"	"PG-MPL"
"PG"	"PG-MPM"
"PG"	"PG-MRL"
"PG"	"PG-NCD"
"PG"	"PG-NIK"
"PG"	"PG-NPP"
"PG"	"PG-NSB"
"PG"	"PG-SAN"
"PG"	"PG-SHM"
"PG"	"PG-WBK"
"PG"	"PG-WHM"
"PG"	"PG-WPD"
"PH"	"PH-00"
"PH"	"PH-01"
"PH"	"PH-02"
"PH"	"PH-03"
"PH"	"PH-05"
"PH"	"PH-06"
"PH"	"PH-07"
"PH"	"PH-08"
"PH"	"PH-09"
"PH"	"PH-10"
"PH"	"PH-11"
"PH"	"PH-12"
"PH"	"PH-13"
"PH"	"PH-14"
"PH"	"PH-15"
"PH"	"PH-40"
"PH"	"PH-41"
"PH"	"PH-ABR"
"PH"	"PH-AGN"
"PH"	"PH-AGS"
"PH"	"PH-AKL"
"PH"	"PH-ALB"
"PH"	"PH-ANT"
"PH"	"PH-APA"
"PH"	"PH-AUR"
"PH"	"PH-BAN"
"PH"	"PH-BAS"
"PH"	"PH-BEN"
"PH"	"PH-BIL"
"PH"	"PH-BOH"
"PH"	"PH-BTG"
"PH"	"PH-BTN"
"PH"	"PH-BUK"
"PH"	"PH-BUL"
"PH"	"PH-CAG"
"PH"	"PH-CAM"
"PH"	"PH-CAN"
"PH"	"PH-CAP"
"PH"	"PH-CAS"
"PH"	"PH-CAT"
"PH"	"PH-CAV"
"PH"	"PH-CEB"
"PH"	"PH-COM"
"PH"	"PH-DAO"
"PH"	"PH-DAS"
"PH"	"PH-DAV"
"PH"	"PH-DIN"
"PH"	"PH-DVO"
"PH"	"PH-EAS"
"PH"	"PH-GUI"
"PH"	"PH-IFU"
"PH"	"PH-ILI"
"PH"	"PH-ILN"
"PH"	"PH-ILS"
"PH"	"PH-ISA"
"PH"	"PH-KAL"
"PH"	"PH-LAG"
"PH"	"PH-LAN"
"PH"	"PH-LAS"
"PH"	"PH-LEY"
"PH"	"PH-LUN"
"PH"	"PH-MAD"
"PH"	"PH-MAS"
"PH"	"PH-MDC"
"PH"	"PH-MDR"
"PH"	"PH-MGN"
"PH"	"PH-MGS"
"PH"	"PH-MOU"
"PH"	"PH-MSC"
"PH"	"PH-MSR"
"PH"	"PH-NCO"
"PH"	"PH-NEC"
"PH"	"PH-NER"
"PH"	"PH-NSA"
"PH"	"PH-NUE"
"PH"	"PH-NUV"
"PH"	"PH-PAM"
"PH"	"PH-PAN"
"PH"	"PH-PLW"
"PH"	"PH-QUE"
"PH"	"PH-QUI"
"PH"	"PH-RIZ"
"PH"	"PH-ROM"
"PH"	"PH-SAR"
"PH"	"PH-SCO"
"PH"	"PH-SIG"
"PH"	"PH-SLE"
"PH"	"PH-SLU"
"PH"	"PH-SOR"
"PH"	"PH-SUK"
"PH"	"PH-SUN"
"PH"	"PH-SUR"
"PH"	"PH-TAR"
"PH"	"PH-TAW"
"PH"	"PH-WSA"
"PH"	"PH-ZAN"
"PH"	"PH-ZAS"
"PH"	"PH-ZMB"
"PH"	"PH-ZSI"
"PK"	"PK-BA"
"PK"	"PK-GB"
"PK"	"PK-IS"
"PK"	"PK-JK"
"PK"	"PK-KP"
"PK"	"PK-PB"
"PK"	"PK-SD"
"PL"	"PL-02"
"PL"	"PL-04"
"PL"	"PL-06"
"PL"	"PL-08"
"PL"	"PL-10"
"PL"	"PL-12"
"PL"	"PL-14"
"PL"	"PL-16"
"PL"	"PL-18"
"PL"	"PL-20"
"PL"	"PL-22"
"PL"	"PL-24"
"PL"	"PL-26"
"PL"	"PL-28"
"PL"	"PL-30"
"PL"	"PL-32"
"PS"	"PS-BTH"
"PS"	"PS-DEB"
"PS"	"PS-GZA"
"PS"	"PS-HBN"
"PS"	"PS-JEM"
"PS"	"PS-JEN"
"PS"	"PS-JRH"
"PS"	"PS-KYS"
"PS"	"PS-NBS"
"PS"	"PS-NGZ"
"PS"	"PS-QQA"
"PS"	"PS-RBH"
"PS"	"PS-RFH"
"PS"	"PS-SLT"
"PS"	"PS-TBS"
"PS"	"PS-TKM"
"PT"	"PT-01"
"PT"	"PT-02"
"PT"	"PT-03"
"PT"	"PT-04"
"PT"	"PT-05"
"PT"	"PT-06"
"PT"	"PT-07"
"PT"	"PT-08"
"PT"	"PT-09"
"PT"	"PT-10"
"PT"	"PT-11"
"PT"	"PT-12"
"PT"	"PT-13"
"PT"	"PT-14"
"PT"	"PT-15"
"PT"	"PT-16"
"PT"	"PT-17"
"PT"	"PT-18"
"PT"	"PT-20"
"PT"	"PT-30"
"PW"	"PW-002"
"PW"	"PW-004"
"PW"	"PW-010"
"PW"	"PW-050"
"PW"	"PW-100"
"PW"	"PW-150"
"PW"	"PW-212"
"PW"	"PW-214"
"PW"	"PW-218"
"PW"	"PW-222"
"PW"	"PW-224"
"PW"	"PW-226"
"PW"	"PW-227"
"PW"	"PW-228"
"PW"	"PW-350"
"PW"	"PW-370"
"PY"	"PY-1"
"PY"	"PY-10"
"PY"	"PY-11"
"PY"	"PY-12"
"PY"	"PY-13"
"PY"	"PY-14"
"PY"	"PY-15"
"PY"	"PY-16"
"PY"	"PY-19"
"PY"	"PY-2"
"PY"	"PY-3"
"PY"	"PY-4"
"PY"	"PY-5"
"PY"	"PY-6"
"PY"	"PY-7"
"PY"	"PY-8"
"PY"	"PY-9"
"PY"	"PY-ASU"
"QA"	"QA-DA"
"QA"	"QA-KH"
"QA"	"QA-MS"
"QA"	"QA-RA"
"QA"	"QA-SH"
"QA"	"QA-US"
"QA"	"QA-WA"
"QA"	"QA-ZA"
"RO"	"RO-AB"
"RO"	"RO-AG"
"RO"	"RO-AR"
"RO"	"RO-B"
"RO"	"RO-BC"
"RO"	"RO-BH"
"RO"	"RO-BN"
"RO"	"RO-BR"
"RO"	"RO-BT"
"RO"	"RO-BV"
"RO"	"RO-BZ"
"RO"	"RO-CJ"
"RO"	"RO-CL"
"RO"	"RO-CS"
"RO"	"RO-CT"
"RO"	"RO-CV"
"RO"	"RO-DB"
"RO"	"RO-DJ"
"RO"	"RO-GJ"
"RO"	"RO-GL"
"RO"	"RO-GR"
"RO"	"RO-HD"
"RO"	"RO-HR"
"RO"	"RO-IF"
"RO"	"RO-IL"
"RO"	"RO-IS"
"RO"	"RO-MH"
"RO"	"RO-MM"
"RO"	"RO-MS"
"RO"	"RO-NT"
"RO"	"RO-OT"
"RO"	"RO-PH"
"RO"	"RO-SB"
"RO"	"RO-SJ"
"RO"	"RO-SM"
"RO"	"RO-SV"
"RO"	"RO-TL"
"RO"	"RO-TM"
"RO"	"RO-TR"
"RO"	"RO-VL"
"RO"	"RO-VN"
"RO"	"RO-VS"
"RS"	"RS-00"
"RS"	"RS-01"
"RS"	"RS-02"
"RS"	"RS-03"
"RS"	"RS-04"
"RS"	"RS-05"
"RS"	"RS-06"
"RS"	"RS-07"
"RS"	"RS-08"
"RS"	"RS-09"
"RS"	"RS-10"
"RS"	"RS-11"
"RS"	"RS-12"
"RS"	"RS-13"
"RS"	"RS-14"
"RS"	"RS-15"
"RS"	"RS-16"
"RS"	"RS-17"
"RS"	"RS-18"
"RS"	"RS-19"
"RS"	"RS-20"
"RS"	"RS-21"
"RS"	"RS-22"
"RS"	"RS-23"
"RS"	"RS-24"
"RS"	"RS-25"
"RS"	"RS-26"
"RS"	"RS-27"
"RS"	"RS-28"
"RS"	"RS-29"
"RS"	"RS-KM"
"RS"	"RS-VO"
"RU"	"RU-AD"
"RU"	"RU-AL"
"RU"	"RU-ALT"
"RU"	"RU-AMU"
"RU"	"RU-ARK"
"RU"	"RU-AST"
"RU"	"RU-BA"
"RU"	"RU-BEL"
"RU"	"RU-BRY"
"RU"	"RU-BU"
"RU"	"RU-CE"
"RU"	"RU-CHE"
"RU"	"RU-CHU"
"RU"	"RU-CU"
"RU"	"RU-DA"
"RU"	"RU-IN"
"RU"	"RU-IRK"
"RU"	"RU-IVA"
"RU"	"RU-KAM"
"RU"	"RU-KB"
"RU"	"RU-KC"
"RU"	"RU-KDA"
"RU"	"RU-KEM"
"RU"	"RU-KGD"
"RU"	"RU-KGN"
"RU"	"RU-KHA"
"RU"	"RU-KHM"
"RU"	"RU-KIR"
"RU"	"RU-KK"
"RU"	"RU-KL"
"RU"	"RU-KLU"
"RU"	"RU-KO"
"RU"	"RU-KOS"
"RU"	"RU-KR"
"RU"	"RU-KRS"
"RU"	"RU-KYA"
"RU"	"RU-LEN"
"RU"	"RU-LIP"
"RU"	"RU-MAG"
"RU"	"RU-ME"
"RU"	"RU-MO"
"RU"	"RU-MOS"
"RU"	"RU-MOW"
"RU"	"RU-MUR"
"RU"	"RU-NEN"
"RU"	"RU-NGR"
"RU"	"RU-NIZ"
"RU"	"RU-NVS"
"RU"	"RU-OMS"
"RU"	"RU-ORE"
"RU"	"RU-ORL"
"RU"	"RU-PER"
"RU"	"RU-PNZ"
"RU"	"RU-PRI"
"RU"	"RU-PSK"
"RU"	"RU-ROS"
"RU"	"RU-RYA"
"RU"	"RU-SA"
"RU"	"RU-SAK"
"RU"	"RU-SAM"
"RU"	"RU-SAR"
"RU"	"RU-SE"
"RU"	"RU-SMO"
"RU"	"RU-SPE"
"RU"	"RU-STA"
"RU"	"RU-SVE"
"RU"	"RU-TA"
"RU"	"RU-TAM"
"RU"	"RU-TOM"
"RU"	"RU-TUL"
"RU"	"RU-TVE"
"RU"	"RU-TY"
"RU"	"RU-TYU"
"RU"	"RU-UD"
"RU"	"RU-ULY"
"RU"	"RU-VGG"
"RU"	"RU-VLA"
"RU"	"RU-VLG"
"RU"	"RU-VOR"
"RU"	"RU-YAN"
"RU"	"RU-YAR"
"RU"	"RU-YEV"
"RU"	"RU-ZAB"
"RW"	"RW-01"
"RW"	"RW-02"
"RW"	"RW-03"
"RW"	"RW-04"
"RW"	"RW-05"
"SA"	"SA-01"
"SA"	"SA-02"
"SA"	"SA-03"
"SA"	"SA-04"
"SA"	"SA-05"
"SA"	"SA-06"
"SA"	"SA-07"
"SA"	"SA-08"
"SA"	"SA-09"
"SA"	"SA-10"
"SA"	"SA-11"
"SA"	"SA-12"
"SA"	"SA-14"
"SB"	"SB-CE"
"SB"	"SB-CH"
"SB"	"SB-CT"
"SB"	"SB-GU"
"SB"	"SB-IS"
"SB"	"SB-MK"
"SB"	"SB-ML"
"SB"	"SB-RB"
"SB"	"SB-TE"
"SB"	"SB-WE"
"SC"	"SC-01"
"SC"	"SC-02"
"SC"	"SC-03"
"SC"	"SC-04"
"SC"	"SC-05"
"SC"	"SC-06"
"SC"	"SC-07"
"SC"	"SC-08"
"SC"	"SC-09"
"SC"	"SC-10"
"SC"	"SC-11"
"SC"	"SC-12"
"SC"	"SC-13"
"SC"	"SC-14"
"SC"	"SC-15"
"SC"	"SC-16"
"SC"	"SC-17"
"SC"	"SC-18"
"SC"	"SC-19"
"SC"	"SC-20"
"SC"	"SC-21"
"SC"	"SC-22"
"SC"	"SC-23"
"SC"	"SC-24"
"SC"	"SC-25"
"SC"	"SC-26"
"SC"	"SC-27"
"SD"	"SD-DC"
"SD"	"SD-DE"
"SD"	"SD-DN"
"SD"	"SD-DS"
"SD"	"SD-DW"
"SD"	"SD-GD"
"SD"	"SD-GK"
"SD"	"SD-GZ"
"SD"	"SD-KA"
"SD"	"SD-KH"
"SD"	"SD-KN"
"SD"	"SD-KS"
"SD"	"SD-NB"
"SD"	"SD-NO"
"SD"	"SD-NR"
"SD"	"SD-NW"
"SD"	"SD-RS"
"SD"	"SD-SI"
"SE"	"SE-AB"
"SE"	"SE-AC"
"SE"	"SE-BD"
"SE"	"SE-C"
"SE"	"SE-D"
"SE"	"SE-E"
"SE"	"SE-F"
"SE"	"SE-G"
"SE"	"SE-H"
"SE"	"SE-I"
"SE"	"SE-K"
"SE"	"SE-M"
"SE"	"SE-N"
"SE"	"SE-O"
"SE"	"SE-S"
"SE"	"SE-T"
"SE"	"SE-U"
"SE"	"SE-W"
"SE"	"SE-X"
"SE"	"SE-Y"
"SE"	"SE-Z"
"SG"	"SG-01"
"SG"	"SG-02"
"SG"	"SG-03"
"SG"	"SG-04"
"SG"	"SG-05"
"SH"	"SH-AC"
"SH"	"SH-HL"
"SH"	"SH-TA"
"SI"	"SI-001"
"SI"	"SI-002"
"SI"	"SI-003"
"SI"	"SI-004"
"SI"	"SI-005"
"SI"	"SI-006"
"SI"	"SI-007"
"SI"	"SI-008"
"SI"	"SI-009"
"SI"	"SI-010"
"SI"	"SI-011"
"SI"	"SI-012"
"SI"	"SI-013"
"SI"	"SI-014"
"SI"	"SI-015"
"SI"	"SI-016"
"SI"	"SI-017"
"SI"	"SI-018"
"SI"	"SI-019"
"SI"	"SI-020"
"SI"	"SI-021"
"SI"	"SI-022"
"SI"	"SI-023"
"SI"	"SI-024"
"SI"	"SI-025"
"SI"	"SI-026"
"SI"	"SI-027"
"SI"	"SI-028"
"SI"	"SI-029"
"SI"	"SI-030"
"SI"	"SI-031"
"SI"	"SI-032"
"SI"	"SI-033"
"SI"	"SI-034"
"SI"	"SI-035"
"SI"	"SI-036"
"SI"	"SI-037"
"SI"	"SI-038"
"SI"	"SI-039"
"SI"	"SI-040"
"SI"	"SI-041"
"SI"	"SI-042"
"SI"	"SI-043"
"SI"	"SI-044"
"SI"	"SI-045"
"SI"	"SI-046"
"SI"	"SI-047"
"SI"	"SI-048"
"SI"	"SI-049"
"SI"	"SI-050"
"SI"	"SI-051"
"SI"	"SI-052"
"SI"	"SI-053"
"SI"	"SI-054"
"SI"	"SI-055"
"SI"	"SI-056"
"SI"	"SI-057"
"SI"	"SI-058"
"SI"	"SI-059"
"SI"	"SI-060"
"SI"	"SI-061"
"SI"	"SI-062"
"SI"	"SI-063"
"SI"	"SI-064"
"SI"	"SI-065"
"SI"	"SI-066"
"SI"	"SI-067"
"SI"	"SI-068"
"SI"	"SI-069"
"SI"	"SI-070"
"SI"	"SI-071"
"SI"	"SI-072"
"SI"	"SI-073"
"SI"	"SI-074"
"SI"	"SI-075"
"SI"	"SI-076"
"SI"	"SI-077"
"SI"	"SI-078"
"SI"	"SI-079"
"SI"	"SI-080"
"SI"	"SI-081"
"SI"	"SI-082"
"SI"	"SI-083"
"SI"	"SI-084"
"SI"	"SI-085"
"SI"	"SI-086"
"SI"	"SI-087"
"SI"	"SI-088"
"SI"	"SI-089"
"SI"	"SI-090"
"SI"	"SI-091"
"SI"	"SI-092"
"SI"	"SI-093"
"SI"	"SI-094"
"SI"	"SI-095"
"SI"	"SI-096"
"SI"	"SI-097"
"SI"	"SI-098"
"SI"	"SI-099"
"SI"	"SI-100"
"SI"	"SI-101"
"SI"	"SI-102"
"SI"	"SI-103"
"SI"	"SI-104"
"SI"	"SI-105"
"SI"	"SI-106"
"SI"	"SI-107"
"SI"	"SI-108"
"SI"	"SI-109"
"SI"	"SI-110"
"SI"	"SI-111"
"SI"	"SI-112"
"SI"	"SI-113"
"SI"	"SI-114"
"SI"	"SI-115"
"SI"	"SI-116"
"SI"	"SI-117"
"SI"	"SI-118"
"SI"	"SI-119"
"SI"	"SI-120"
"SI"	"SI-121"
"SI"	"SI-122"
"SI"	"SI-123"
"SI"	"SI-124"
"SI"	"SI-125"
"SI"	"SI-126"
"SI"	"SI-127"
"SI"	"SI-128"
"SI"	"SI-129"
"SI"	"SI-130"
"SI"	"SI-131"
"SI"	"SI-132"
"SI"	"SI-133"
"SI"	"SI-134"
"SI"	"SI-135"
"SI"	"SI-136"
"SI"	"SI-137"
"SI"	"SI-138"
"SI"	"SI-139"
"SI"	"SI-140"
"SI"	"SI-141"
"SI"	"SI-142"
"SI"	"SI-143"
"SI"	"SI-144"
"SI"	"SI-146"
"SI"	"SI-147"
"SI"	"SI-148"
"SI"	"SI-149"
"SI"	"SI-150"
"SI"	"SI-151"
"SI"	"SI-152"
"SI"	"SI-153"
"SI"	"SI-154"
"SI"	"SI-155"
"SI"	"SI-156"
"SI"	"SI-157"
"SI"	"SI-158"
"SI"	"SI-159"
"SI"	"SI-160"
"SI"	"SI-161"
"SI"	"SI-162"
"SI"	"SI-163"
"SI"	"SI-164"
"SI"	"SI-165"
"SI"	"SI-166"
"SI"	"SI-167"
"SI"	"SI-168"
"SI"	"SI-169"
"SI"	"SI-170"
"SI"	"SI-171"
"SI"	"SI-172"
"SI"	"SI-173"
"SI"	"SI-174"
"SI"	"SI-175"
"SI"	"SI-176"
"SI"	"SI-177"
"SI"	"SI-178"
"SI"	"SI-179"
"SI"	"SI-180"
"SI"	"SI-181"
"SI"	"SI-182"
"SI"	"SI-183"
"SI"	"SI-184"
"SI"	"SI-185"
"SI"	"SI-186"
"SI"	"SI-187"
"SI"	"SI-188"
"SI"	"SI-189"
"SI"	"SI-190"
"SI"	"SI-191"
"SI"	"SI-192"
"SI"	"SI-193"
"SI"	"SI-194"
"SI"	"SI-195"
"SI"	"SI-196"
"SI"	"SI-197"
"SI"	"SI-198"
"SI"	"SI-199"
"SI"	"SI-200"
"SI"	"SI-201"
"SI"	"SI-202"
"SI"	"SI-203"
"SI"	"SI-204"
"SI"	"SI-205"
"SI"	"SI-206"
"SI"	"SI-207"
"SI"	"SI-208"
"SI"	"SI-209"
"SI"	"SI-210"
"SI"	"SI-211"
"SI"	"SI-212"
"SI"	"SI-213"
"SK"	"SK-BC"
"SK"	"SK-BL"
"SK"	"SK-KI"
"SK"	"SK-NI"
"SK"	"SK-PV"
"SK"	"SK-TA"
"SK"	"SK-TC"
"SK"	"SK-ZI"
"SL"	"SL-E"
"SL"	"SL-N"
"SL"	"SL-NW"
"SL"	"SL-S"
"SL"	"SL-W"
"SM"	"SM-01"
"SM"	"SM-02"
"SM"	"SM-03"
"SM"	"SM-04"
"SM"	"SM-05"
"SM"	"SM-06"
"SM"	"SM-07"
"SM"	"SM-08"
"SM"	"SM-09"
"SN"	"SN-DB"
"SN"	"SN-DK"
"SN"	"SN-FK"
"SN"	"SN-KA"
"SN"	"SN-KD"
"SN"	"SN-KE"
"SN"	"SN-KL"
"SN"	"SN-LG"
"SN"	"SN-MT"
"SN"	"SN-SE"
"SN"	"SN-SL"
"SN"	"SN-TC"
"SN"	"SN-TH"
"SN"	"SN-ZG"
"SO"	"SO-AW"
"SO"	"SO-BK"
"SO"	"SO-BN"
"SO"	"SO-BR"
"SO"	"SO-BY"
"SO"	"SO-GA"
"SO"	"SO-GE"
"SO"	"SO-HI"
"SO"	"SO-JD"
"SO"	"SO-JH"
"SO"	"SO-MU"
"SO"	"SO-NU"
"SO"	"SO-SA"
"SO"	"SO-SD"
"SO"	"SO-SH"
"SO"	"SO-SO"
"SO"	"SO-TO"
"SO"	"SO-WO"
"SR"	"SR-BR"
"SR"	"SR-CM"
"SR"	"SR-CR"
"SR"	"SR-MA"
"SR"	"SR-NI"
"SR"	"SR-PM"
"SR"	"SR-PR"
"SR"	"SR-SA"
"SR"	"SR-SI"
"SR"	"SR-WA"
"SS"	"SS-BN"
"SS"	"SS-BW"
"SS"	"SS-EC"
"SS"	"SS-EE"
"SS"	"SS-EW"
"SS"	"SS-JG"
"SS"	"SS-LK"
"SS"	"SS-NU"
"SS"	"SS-UY"
"SS"	"SS-WR"
"ST"	"ST-01"
"ST"	"ST-02"
"ST"	"ST-03"
"ST"	"ST-04"
"ST"	"ST-05"
"ST"	"ST-06"
"ST"	"ST-P"
"SV"	"SV-AH"
"SV"	"SV-CA"
"SV"	"SV-CH"
"SV"	"SV-CU"
"SV"	"SV-LI"
"SV"	"SV-MO"
"SV"	"SV-PA"
"SV"	"SV-SA"
"SV"	"SV-SM"
"SV"	"SV-SO"
"SV"	"SV-SS"
"SV"	"SV-SV"
"SV"	"SV-UN"
"SV"	"SV-US"
"SY"	"SY-DI"
"SY"	"SY-DR"
"SY"	"SY-DY"
"SY"	"SY-HA"
"SY"	"SY-HI"
"SY"	"SY-HL"
"SY"	"SY-HM"
"SY"	"SY-ID"
"SY"	"SY-LA"
"SY"	"SY-QU"
"SY"	"SY-RA"
"SY"	"SY-RD"
"SY"	"SY-SU"
"SY"	"SY-TA"
"SZ"	"SZ-HH"
"SZ"	"SZ-LU"
"SZ"	"SZ-MA"
"SZ"	"SZ-SH"
"TD"	"TD-BA"
"TD"	"TD-BG"
"TD"	"TD-BO"
"TD"	"TD-CB"
"TD"	"TD-EE"
"TD"	"TD-EO"
"TD"	"TD-GR"
"TD"	"TD-HL"
"TD"	"TD-KA"
"TD"	"TD-LC"
"TD"	"TD-LO"
"TD"	"TD-LR"
"TD"	"TD-MA"
"TD"	"TD-MC"
"TD"	"TD-ME"
"TD"	"TD-MO"
"TD"	"TD-ND"
"TD"	"TD-OD"
"TD"	"TD-SA"
"TD"	"TD-SI"
"TD"	"TD-TA"
"TD"	"TD-TI"
"TD"	"TD-WF"
"TG"	"TG-C"
"TG"	"TG-K"
"TG"	"TG-M"
"TG"	"TG-P"
"TG"	"TG-S"
"TH"	"TH-10"
"TH"	"TH-11"
"TH"	"TH-12"
"TH"	"TH-13"
"TH"	"TH-14"
"TH"	"TH-15"
"TH"	"TH-16"
"TH"	"TH-17"
"TH"	"TH-18"
"TH"	"TH-19"
"TH"	"TH-20"
"TH"	"TH-21"
"TH"	"TH-22"
"TH"	"TH-23"
"TH"	"TH-24"
"TH"	"TH-25"
"TH"	"TH-26"
"TH"	"TH-27"
"TH"	"TH-30"
"TH"	"TH-31"
"TH"	"TH-32"
"TH"	"TH-33"
"TH"	"TH-34"
"TH"	"TH-35"
"TH"	"TH-36"
"TH"	"TH-37"
"TH"	"TH-38"
"TH"	"TH-39"
"TH"	"TH-40"
"TH"	"TH-41"
"TH"	"TH-42"
"TH"	"TH-43"
"TH"	"TH-44"
"TH"	"TH-45"
"TH"	"TH-46"
"TH"	"TH-47"
"TH"	"TH-48"
"TH"	"TH-49"
"TH"	"TH-50"
"TH"	"TH-51"
"TH"	"TH-52"
"TH"	"TH-53"
"TH"	"TH-54"
"TH"	"TH-55"
"TH"	"TH-56"
"TH"	"TH-57"
"TH"	"TH-58"
"TH"	"TH-60"
"TH"	"TH-61"
"TH"	"TH-62"
"TH"	"TH-63"
"TH"	"TH-64"
"TH"	"TH-65"
"TH"	"TH-66"
"TH"	"TH-67"
"TH"	"TH-70"
"TH"	"TH-71"
"TH"	"TH-72"
"TH"	"TH-73"
"TH"	"TH-74"
"TH"	"TH-75"
"TH"	"TH-76"
"TH"	"TH-77"
"TH"	"TH-80"
"TH"	"TH-81"
"TH"	"TH-82"
"TH"	"TH-83"
"TH"	"TH-84"
"TH"	"TH-85"
"TH"	"TH-86"
"TH"	"TH-90"
"TH"	"TH-91"
"TH"	"TH-92"
"TH"	"TH-93"
"TH"	"TH-94"
"TH"	"TH-95"
"TH"	"TH-96"
"TH"	"TH-S"
"TJ"	"TJ-DU"
"TJ"	"TJ-GB"
"TJ"	"TJ-KT"
"TJ"	"TJ-RA"
"TJ"	"TJ-SU"
"TL"	"TL-AL"
"TL"	"TL-AN"
"TL"	"TL-BA"
"TL"	"TL-BO"
"TL"	"TL-CO"
"TL"	"TL-DI"
"TL"	"TL-ER"
"TL"	"TL-LA"
"TL"	"TL-LI"
"TL"	"TL-MF"
"TL"	"TL-MT"
"TL"	"TL-OE"
"TL"	"TL-VI"
"TM"	"TM-A"
"TM"	"TM-B"
"TM"	"TM-D"
"TM"	"TM-L"
"TM"	"TM-M"
"TM"	"TM-S"
"TN"	"TN-11"
"TN"	"TN-12"
"TN"	"TN-13"
"TN"	"TN-14"
"TN"	"TN-21"
"TN"	"TN-22"
"TN"	"TN-23"
"TN"	"TN-31"
"TN"	"TN-32"
"TN"	"TN-33"
"TN"	"TN-34"
"TN"	"TN-41"
"TN"	"TN-42"
"TN"	"TN-43"
"TN"	"TN-51"
"TN"	"TN-52"
"TN"	"TN-53"
"TN"	"TN-61"
"TN"	"TN-71"
"TN"	"TN-72"
"TN"	"TN-73"
"TN"	"TN-81"
"TN"	"TN-82"
"TN"	"TN-83"
"TO"	"TO-01"
"TO"	"TO-02"
"TO"	"TO-03"
"TO"	"TO-04"
"TO"	"TO-05"
"TR"	"TR-01"
"TR"	"TR-02"
"TR"	"TR-03"
"TR"	"TR-04"
"TR"	"TR-05"
"TR"	"TR-06"
"TR"	"TR-07"
"TR"	"TR-08"
"TR"	"TR-09"
"TR"	"TR-10"
"TR"	"TR-11"
"TR"	"TR-12"
"TR"	"TR-13"
"TR"	"TR-14"
"TR"	"TR-15"
"TR"	"TR-16"
"TR"	"TR-17"
"TR"	"TR-18"
"TR"	"TR-19"
"TR"	"TR-20"
"TR"	"TR-21"
"TR"	"TR-22"
"TR"	"TR-23"
"TR"	"TR-24"
"TR"	"TR-25"
"TR"	"TR-26"
"TR"	"TR-27"
"TR"	"TR-28"
"TR"	"TR-29"
"TR"	"TR-30"
"TR"	"TR-31"
"TR"	"TR-32"
"TR"	"TR-33"
"TR"	"TR-34"
"TR"	"TR-35"
"TR"	"TR-36"
"TR"	"TR-37"
"TR"	"TR-38"
"TR"	"TR-39"
"TR"	"TR-40"
"TR"	"TR-41"
"TR"	"TR-42"
"TR"	"TR-43"
"TR"	"TR-44"
"TR"	"TR-45"
"TR"	"TR-46"
"TR"	"TR-47"
"TR"	"TR-48"
"TR"	"TR-49"
"TR"	"TR-50"
"TR"	"TR-51"
"TR"	"TR-52"
"TR"	"TR-53"
"TR"	"TR-54"
"TR"	"TR-55"
"TR"	"TR-56"
"TR"	"TR-57"
"TR"	"TR-58"
"TR"	"TR-59"
"TR"	"TR-60"
"TR"	"TR-61"
"TR"	"TR-62"
"TR"	"TR-63"
"TR"	"TR-64"
"TR"	"TR-65"
"TR"	"TR-66"
"TR"	"TR-67"
"TR"	"TR-68"
"TR"	"TR-69"
"TR"	"TR-70"
"TR"	"TR-71"
"TR"	"TR-72"
"TR"	"TR-73"
"TR"	"TR-74"
"TR"	"TR-75"
"TR"	"TR-76"
"TR"	"TR-77"
"TR"	"TR-78"
"TR"	"TR-79"
"TR"	"TR-80"
"TR"	"TR-81"
"TT"	"TT-ARI"
"TT"	"TT-CHA"
"TT"	"TT-CTT"
"TT"	"TT-DMN"
"TT"	"TT-MRC"
"TT"	"TT-PED"
"TT"	"TT-POS"
"TT"	"TT-PRT"
"TT"	"TT-PTF"
"TT"	"TT-SFO"
"TT"	"TT-SGE"
"TT"	"TT-SIP"
"TT"	"TT-SJL"
"TT"	"TT-TOB"
"TT"	"TT-TUP"
"TV"	"TV-FUN"
"TV"	"TV-NIT"
"TV"	"TV-NKF"
"TV"	"TV-NKL"
"TV"	"TV-NMA"
"TV"	"TV-NMG"
"TV"	"TV-NUI"
"TV"	"TV-VAI"
"TW"	"TW-CHA"
"TW"	"TW-CYI"
"TW"	"TW-CYQ"
"TW"	"TW-HSQ"
"TW"	"TW-HSZ"
"TW"	"TW-HUA"
"TW"	"TW-ILA"
"TW"	"TW-KEE"
"TW"	"TW-KHH"
"TW"	"TW-KIN"
"TW"	"TW-LIE"
"TW"	"TW-MIA"
"TW"	"TW-NAN"
"TW"	"TW-NWT"
"TW"	"TW-PEN"
"TW"	"TW-PIF"
"TW"	"TW-TAO"
"TW"	"TW-TNN"
"TW"	"TW-TPE"
"TW"	"TW-TTT"
"TW"	"TW-TXG"
"TW"	"TW-YUN"
"TZ"	"TZ-01"
"TZ"	"TZ-02"
"TZ"	"TZ-03"
"TZ"	"TZ-04"
"TZ"	"TZ-05"
"TZ"	"TZ-06"
"TZ"	"TZ-07"
"TZ"	"TZ-08"
"TZ"	"TZ-09"
"TZ"	"TZ-10"
"TZ"	"TZ-11"
"TZ"	"TZ-12"
"TZ"	"TZ-13"
"TZ"	"TZ-14"
"TZ"	"TZ-15"
"TZ"	"TZ-16"
"TZ"	"TZ-17"
"TZ"	"TZ-18"
"TZ"	"TZ-19"
"TZ"	"TZ-20"
"TZ"	"TZ-21"
"TZ"	"TZ-22"
"TZ"	"TZ-23"
"TZ"	"TZ-24"
"TZ"	"TZ-25"
"TZ"	"TZ-26"
"TZ"	"TZ-27"
"TZ"	"TZ-28"
"TZ"	"TZ-29"
"TZ"	"TZ-30"
"TZ"	"TZ-31"
"UA"	"UA-05"
"UA"	"UA-07"
"UA"	"UA-09"
"UA"	"UA-12"
"UA"	"UA-14"
"UA"	"UA-18"
"UA"	"UA-21"
"UA"	"UA-23"
"UA"	"UA-26"
"UA"	"UA-30"
"UA"	"UA-32"
"UA"	"UA-35"
"UA"	"UA-40"
"UA"	"UA-43"
"UA"	"UA-46"
"UA"	"UA-48"
"UA"	"UA-51"
"UA"	"UA-53"
"UA"	"UA-56"
"UA"	"UA-59"
"UA"	"UA-61"
"UA"	"UA-63"
"UA"	"UA-65"
"UA"	"UA-68"
"UA"	"UA-71"
"UA"	"UA-74"
"UA"	"UA-77"
"UG"	"UG-101"
"UG"	"UG-102"
"UG"	"UG-103"
"UG"	"UG-104"
"UG"	"UG-105"
"UG"	"UG-106"
"UG"	"UG-107"
"UG"	"UG-108"
"UG"	"UG-109"
"UG"	"UG-110"
"UG"	"UG-111"
"UG"	"UG-112"
"UG"	"UG-113"
"UG"	"UG-114"
"UG"	"UG-115"
"UG"	"UG-116"
"UG"	"UG-117"
"UG"	"UG-118"
"UG"	"UG-119"
"UG"	"UG-120"
"UG"	"UG-121"
"UG"	"UG-122"
"UG"	"UG-123"
"UG"	"UG-124"
"UG"	"UG-125"
"UG"	"UG-126"
"UG"	"UG-201"
"UG"	"UG-202"
"UG"	"UG-203"
"UG"	"UG-204"
"UG"	"UG-205"
"UG"	"UG-206"
"UG"	"UG-207"
"UG"	"UG-208"
"UG"	"UG-209"
"UG"	"UG-210"
"UG"	"UG-211"
"UG"	"UG-212"
"UG"	"UG-213"
"UG"	"UG-214"
"UG"	"UG-215"
"UG"	"UG-216"
"UG"	"UG-217"
"UG"	"UG-218"
"UG"	"UG-219"
"UG"	"UG-220"
"UG"	"UG-221"
"UG"	"UG-222"
"UG"	"UG-223"
"UG"	"UG-224"
"UG"	"UG-225"
"UG"	"UG-226"
"UG"	"UG-227"
"UG"	"UG-228"
"UG"	"UG-229"
"UG"	"UG-230"
"UG"	"UG-231"
"UG"	"UG-232"
"UG"	"UG-233"
"UG"	"UG-234"
"UG"	"UG-235"
"UG"	"UG-236"
"UG"	"UG-237"
"UG"	"UG-301"
"UG"	"UG-302"
"UG"	"UG-303"
"UG"	"UG-304"
"UG"	"UG-305"
"UG"	"UG-306"
"UG"	"UG-307"
"UG"	"UG-308"
"UG"	"UG-309"
"UG"	"UG-310"
"UG"	"UG-311"
"UG"	"UG-312"
"UG"	"UG-313"
"UG"	"UG-314"
"UG"	"UG-315"
"UG"	"UG-316"
"UG"	"UG-317"
"UG"	"UG-318"
"UG"	"UG-319"
"UG"	"UG-320"
"UG"	"UG-321"
"UG"	"UG-322"
"UG"	"UG-323"
"UG"	"UG-324"
"UG"	"UG-325"
"UG"	"UG-326"
"UG"	"UG-327"
"UG"	"UG-328"
"UG"	"UG-329"
"UG"	"UG-330"
"UG"	"UG-331"
"UG"	"UG-332"
"UG"	"UG-333"
"UG"	"UG-334"
"UG"	"UG-335"
"UG"	"UG-336"
"UG"	"UG-337"
"UG"	"UG-401"
"UG"	"UG-402"
"UG"	"UG-403"
"UG"	"UG-404"
"UG"	"UG-405"
"UG"	"UG-406"
"UG"	"UG-407"
"UG"	"UG-408"
"UG"	"UG-409"
"UG"	"UG-410"
"UG"	"UG-411"
"UG"	"UG-412"
"UG"	"UG-413"
"UG"	"UG-414"
"UG"	"UG-415"
"UG"	"UG-416"
"UG"	"UG-417"
"UG"	"UG-418"
"UG"	"UG-419"
"UG"	"UG-420"
"UG"	"UG-421"
"UG"	"UG-422"
"UG"	"UG-423"
"UG"	"UG-424"
"UG"	"UG-425"
"UG"	"UG-426"
"UG"	"UG-427"
"UG"	"UG-428"
"UG"	"UG-429"
"UG"	"UG-430"
"UG"	"UG-431"
"UG"	"UG-432"
"UG"	"UG-433"
"UG"	"UG-434"
"UG"	"UG-435"
"UG"	"UG-C"
"UG"	"UG-E"
"UG"	"UG-N"
"UG"	"UG-W"
"UM"	"UM-67"
"UM"	"UM-71"
"UM"	"UM-76"
"UM"	"UM-79"
"UM"	"UM-81"
"UM"	"UM-84"
"UM"	"UM-86"
"UM"	"UM-89"
"UM"	"UM-95"
"US"	"US-AK"
"US"	"US-AL"
"US"	"US-AR"
"US"	"US-AS"
"US"	"US-AZ"
"US"	"US-CA"
"US"	"US-CO"
"US"	"US-CT"
"US"	"US-DC"
"US"	"US-DE"
"US"	"US-FL"
"US"	"US-GA"
"US"	"US-GU"
"US"	"US-HI"
"US"	"US-IA"
"US"	"US-ID"
"US"	"US-IL"
"US"	"US-IN"
"US"	"US-KS"
"US"	"US-KY"
"US"	"US-LA"
"US"	"US-MA"
"US"	"US-MD"
"US"	"US-ME"
"US"	"US-MI"
"US"	"US-MN"
"US"	"US-MO"
"US"	"US-MP"
"US"	"US-MS"
"US"	"US-MT"
"US"	"US-NC"
"US"	"US-ND"
"US"	"US-NE"
"US"	"US-NH"
"US"	"US-NJ"
"US"	"US-NM"
"US"	"US-NV"
"US"	"US-NY"
"US"	"US-OH"
"US"	"US-OK"
"US"	"US-OR"
"US"	"US-PA"
"US"	"US-PR"
"US"	"US-RI"
"US"	"US-SC"
"US"	"US-SD"
"US"	"US-TN"
"US"	"US-TX"
"US"	"US-UM"
"US"	"US-UT"
"US"	"US-VA"
"US"	"US-VI"
"US"	"US-VT"
"US"	"US-WA"
"US"	"US-WI"
"US"	"US-WV"
"US"	"US-WY"
"UY"	"UY-AR"
"UY"	"UY-CA"
"UY"	"UY-CL"
"UY"	"UY-CO"
"UY"	"UY-DU"
"UY"	"UY-FD"
"UY"	"UY-FS"
"UY"	"UY-LA"
"UY"	"UY-MA"
"UY"	"UY-MO"
"UY"	"UY-PA"
"UY"	"UY-RN"
"UY"	"UY-RO"
"UY"	"UY-RV"
"UY"	"UY-SA"
"UY"	"UY-SJ"
"UY"	"UY-SO"
"UY"	"UY-TA"
"UY"	"UY-TT"
"UZ"	"UZ-AN"
"UZ"	"UZ-BU"
"UZ"	"UZ-FA"
"UZ"	"UZ-JI"
"UZ"	"UZ-NG"
"UZ"	"UZ-NW"
"UZ"	"UZ-QA"
"UZ"	"UZ-QR"
"UZ"	"UZ-SA"
"UZ"	"UZ-SI"
"UZ"	"UZ-SU"
"UZ"	"UZ-TK"
"UZ"	"UZ-TO"
"UZ"	"UZ-XO"
"VC"	"VC-01"
"VC"	"VC-02"
"VC"	"VC-03"
"VC"	"VC-04"
"VC"	"VC-05"
"VC"	"VC-06"
"VE"	"VE-A"
"VE"	"VE-B"
"VE"	"VE-C"
"VE"	"VE-D"
"VE"	"VE-E"
"VE"	"VE-F"
"VE"	"VE-G"
"VE"	"VE-H"
"VE"	"VE-I"
"VE"	"VE-J"
"VE"	"VE-K"
"VE"	"VE-L"
"VE"	"VE-M"
"VE"	"VE-N"
"VE"	"VE-O"
"VE"	"VE-P"
"VE"	"VE-R"
"VE"	"VE-S"
"VE"	"VE-T"
"VE"	"VE-U"
"VE"	"VE-V"
"VE"	"VE-W"
"VE"	"VE-X"
"VE"	"VE-Y"
"VE"	"VE-Z"
"VN"	"VN-01"
"VN"	"VN-02"
"VN"	"VN-03"
"VN"	"VN-04"
"VN"	"VN-05"
"VN"	"VN-06"
"VN"	"VN-07"
"VN"	"VN-09"
"VN"	"VN-13"
"VN"	"VN-14"
"VN"	"VN-18"
"VN"	"VN-20"
"VN"	"VN-21"
"VN"	"VN-22"
"VN"	"VN-23"
"VN"	"VN-24"
"VN"	"VN-25"
"VN"	"VN-26"
"VN"	"VN-27"
"VN"	"VN-28"
"VN"	"VN-29"
"VN"	"VN-30"
"VN"	"VN-31"
"VN"	"VN-32"
"VN"	"VN-33"
"VN"	"VN-34"
"VN"	"VN-35"
"VN"	"VN-36"
"VN"	"VN-37"
"VN"	"VN-39"
"VN"	"VN-40"
"VN"	"VN-41"
"VN"	"VN-43"
"VN"	"VN-44"
"VN"	"VN-45"
"VN"	"VN-46"
"VN"	"VN-47"
"VN"	"VN-49"
"VN"	"VN-50"
"VN"	"VN-51"
"VN"	"VN-52"
"VN"	"VN-53"
"VN"	"VN-54"
"VN"	"VN-55"
"VN"	"VN-56"
"VN"	"VN-57"
"VN"	"VN-58"
"VN"	"VN-59"
"VN"	"VN-61"
"VN"	"VN-63"
"VN"	"VN-66"
"VN"	"VN-67"
"VN"	"VN-68"
"VN"	"VN-69"
"VN"	"VN-70"
"VN"	"VN-71"
"VN"	"VN-72"
"VN"	"VN-73"
"VN"	"VN-CT"
"VN"	"VN-DN"
"VN"	"VN-HN"
"VN"	"VN-HP"
"VN"	"VN-SG"
"VU"	"VU-MAP"
"VU"	"VU-PAM"
"VU"	"VU-SAM"
"VU"	"VU-SEE"
"VU"	"VU-TAE"
"VU"	"VU-TOB"
"WF"	"WF-AL"
"WF"	"WF-SG"
"WF"	"WF-UV"
"WS"	"WS-AA"
"WS"	"WS-AL"
"WS"	"WS-AT"
"WS"	"WS-FA"
"WS"	"WS-GE"
"WS"	"WS-GI"
"WS"	"WS-PA"
"WS"	"WS-SA"
"WS"	"WS-TU"
"WS"	"WS-VF"
"WS"	"WS-VS"
"YE"	"YE-AB"
"YE"	"YE-AD"
"YE"	"YE-AM"
"YE"	"YE-BA"
"YE"	"YE-DA"
"YE"	"YE-DH"
"YE"	"YE-HD"
"YE"	"YE-HJ"
"YE"	"YE-HU"
"YE"	"YE-IB"
"YE"	"YE-JA"
"YE"	"YE-LA"
"YE"	"YE-MA"
"YE"	"YE-MR"
"YE"	"YE-MW"
"YE"	"YE-RA"
"YE"	"YE-SA"
"YE"	"YE-SD"
"YE"	"YE-SH"
"YE"	"YE-SN"
"YE"	"YE-SU"
"YE"	"YE-TA"
"ZA"	"ZA-EC"
"ZA"	"ZA-FS"
"ZA"	"ZA-GP"
"ZA"	"ZA-KZN"
"ZA"	"ZA-LP"
"ZA"	"ZA-MP"
"ZA"	"ZA-NC"
"ZA"	"ZA-NW"
"ZA"	"ZA-WC"
"ZM"	"ZM-01"
"ZM"	"ZM-02"
"ZM"	"ZM-03"
"ZM"	"ZM-04"
"ZM"	"ZM-05"
"ZM"	"ZM-06"
"ZM"	"ZM-07"
"ZM"	"ZM-08"
"ZM"	"ZM-09"
"ZM"	"ZM-10"
"ZW"	"ZW-BU"
"ZW"	"ZW-HA"
"ZW"	"ZW-MA"
"ZW"	"ZW-MC"
"ZW"	"ZW-ME"
"ZW"	"ZW-MI"
"ZW"	"ZW-MN"
"ZW"	"ZW-MS"
"ZW"	"ZW-MV"
"ZW"	"ZW-MW"
